Fecha y hora,"Departamento","Localidad","Jurisdiccion ","Tipo de Siniestro","Vehiculo","Rol",Edad,"Sexo",Fallecido a los Dias,"Otro vehiculo","Lugar del Siniestro","X","Y"
02/01/2016 21:30:00,"RIVERA","N/C","NACIONAL","ATROPELLO DE PEATÓN","PEATÓN","PEATÓN",83,"M",0,"CAMIONETA","RUTA 5 km. 481","634090.03262123","6565694.63553001"
03/01/2016 15:25:00,"MALDONADO","ESTACION LAS FLORES","NACIONAL","DESPISTE","AUTO","CONDUCTOR",78,"F",1,,"RUTA 9 km. 87","652988.99333582","6149296.52148378"
03/01/2016 20:20:00,"CANELONES","ATLANTIDA","NACIONAL","COLISIÓN ENTRE VEHÍCULOS","MOTO","CONDUCTOR",65,"M",0,"MOTO","RUTA INTERBALNEARIA km. 46","613580.95573037","6152173.21567362"
04/01/2016 17:25:00,"CANELONES","PARQUE DEL PLATA","NACIONAL","ATROPELLO DE PEATÓN","PEATÓN","PEATÓN",70,"M",1,"CAMIONETA","RUTA INTERBALNEARIA y CALLE 19","617437.47083479","6153631.47082169"
06/01/2016 09:30:00,"MALDONADO","N/C","NACIONAL","COLISIÓN ENTRE VEHÍCULOS","AUTO","CONDUCTOR",65,"M",0,"CAMIONETA","RUTA 9 y RUTA 104","695045.91312522","6148944.14745546"
06/01/2016 09:30:00,"MALDONADO","N/C","NACIONAL","COLISIÓN ENTRE VEHÍCULOS","AUTO","PASAJERO",65,"M",0,"CAMIONETA","RUTA 9 y RUTA 104","695045.91312522","6148944.14745546"
06/01/2016 18:00:00,"MALDONADO","SOLIS","NACIONAL","COLISIÓN ENTRE VEHÍCULOS","AUTO","PASAJERO",66,"F",1,"AUTO","RUTA INTERBALNEARIA km. 82,500","648793.48702814","6149417.17172508"
07/01/2016 11:40:00,"CANELONES","CAPITAN JUAN ANTORIO ARTIGAS","NACIONAL","CAÍDA","MOTO","CONDUCTOR",37,"M",0,,"RUTA 8 km. 26","591194.22314013","6153774.57538544"
09/01/2016 00:55:00,"MONTEVIDEO","MONTEVIDEO","DEPARTAMENTAL","COLISIÓN ENTRE VEHÍCULOS","MOTO","PASAJERO",33,"M",1,"AUTO","MIGUELETE esq. DEFENSA","575455.37235886","6138580.73490872"
09/01/2016 02:25:00,"MONTEVIDEO","MONTEVIDEO","DEPARTAMENTAL","COLISIÓN ENTRE VEHÍCULOS","MOTO","CONDUCTOR",58,"M",0,"OMNIBUS","AVENIDA BURGUES esq. MAXIMO GOMEZ","574698.26169613","6142780.27182792"
09/01/2016 04:20:00,"MALDONADO","EL TESORO","DEPARTAMENTAL","DESPISTE","AUTO","PASAJERO",,"F",0,,"CAMINO EGUZQUIZA CASI EL QUIJOTE","694803.56185246","6137012.42244475"
11/01/2016 20:00:00,"CERRO LARGO","MELO","DEPARTAMENTAL","CAÍDA","MOTO","CONDUCTOR",40,"M",0,,"MANUEL A. LESTIDO esq. TACUARÍ","767263.7696","6415515.6695"
11/01/2016 20:34:00,"CANELONES","N/C","NACIONAL","COLISIÓN ENTRE VEHÍCULOS","BICICLETA","CONDUCTOR",42,"M",1,"CAMIONETA","RUTA 11 km. 136,400","600994.16038085","6177453.41137721"
13/01/2016 05:45:00,"MONTEVIDEO","MONTEVIDEO","DEPARTAMENTAL","COLISIÓN ENTRE VEHÍCULOS","MOTO","CONDUCTOR",50,"M",0,"AUTO","BOULEVARD GENERAL ARTIGAS esq. CARABELAS","574600.47992528","6140970.4913383"
13/01/2016 10:44:00,"MONTEVIDEO","MONTEVIDEO","DEPARTAMENTAL","COLISIÓN ENTRE VEHÍCULOS","CAMIONETA","CONDUCTOR",37,"M",0,"CAMIONETA","RAMBLA TOMAS BERRETA esq. GENERAL SANTANDER","587250.0226","6139105.9297"
13/01/2016 12:55:00,"FLORIDA","FLORIDA","NACIONAL","COLISIÓN ENTRE VEHÍCULOS","BICICLETA","CONDUCTOR",46,"M",0,"AUTO","RUTA 5 km. 99,500","570931.59","6229061.68"
15/01/2016 12:35:00,"MALDONADO","N/C","NACIONAL","COLISIÓN ENTRE VEHÍCULOS","AUTO","PASAJERO",78,"M",0,"CAMIONETA","RUTA INTERBALNEARIA Y RUTA 10","650911.48084746","6150383.16740707"
15/01/2016 12:35:00,"MALDONADO","N/C","NACIONAL","COLISIÓN ENTRE VEHÍCULOS","AUTO","CONDUCTOR",65,"F",0,"CAMIONETA","RUTA INTERBALNEARIA Y RUTA 10","650911.48084746","6150383.16740707"
15/01/2016 15:00:00,"CANELONES","N/C","NACIONAL","DESPISTE","CAMIONETA","CONDUCTOR",54,"M",0,,"RUTA 107 km. 17,500","571769.94964773","6176786.52021377"
16/01/2016 06:00:00,"PAYSANDU","N/C","NACIONAL","COLISIÓN ENTRE VEHÍCULOS","CAMIONETA","PASAJERO",13,"F",0,"CAMION","RUTA 3 km. 333","426664.56668337","6395315.27203568"
16/01/2016 06:00:00,"PAYSANDU","N/C","NACIONAL","COLISIÓN ENTRE VEHÍCULOS","CAMIONETA","PASAJERO",38,"F",0,"CAMION","RUTA 3 km. 333","426664.56668337","6395315.27203568"
16/01/2016 06:00:00,"PAYSANDU","N/C","NACIONAL","COLISIÓN ENTRE VEHÍCULOS","CAMIONETA","PASAJERO",8,"F",0,"CAMION","RUTA 3 km. 333","426664.56668337","6395315.27203568"
16/01/2016 06:00:00,"PAYSANDU","N/C","NACIONAL","COLISIÓN ENTRE VEHÍCULOS","CAMIONETA","CONDUCTOR",40,"M",0,"CAMION","RUTA 3 km. 333","426664.56668337","6395315.27203568"
16/01/2016 15:35:00,"CANELONES","CIUDAD DE LA COSTA","NACIONAL","COLISIÓN ENTRE VEHÍCULOS","MOTO","CONDUCTOR",23,"F",1,"AUTO","RUTA INTERBALNEARIA km. 29","597117.87742692","6149469.03016213"
17/01/2016 03:28:00,"MONTEVIDEO","MONTEVIDEO","DEPARTAMENTAL","COLISIÓN ENTRE VEHÍCULOS","AUTO","PASAJERO",27,"F",0,"OMNIBUS","BOULEVARD JOSE BATLLE Y ORDOÑEZ esq. JUAN JACOBO ROUSSEAU","577706.86610907","6140155.71416209"
17/01/2016 11:14:00,"CANELONES","SALINAS","NACIONAL","COLISIÓN ENTRE VEHÍCULOS","AUTO","PASAJERO",75,"F",0,"CAMIONETA","RUTA INTERBALNEARIA km. 37,500","605378.31581378","6151153.64390968"
17/01/2016 11:14:00,"CANELONES","SALINAS","NACIONAL","COLISIÓN ENTRE VEHÍCULOS","AUTO","CONDUCTOR",73,"M",0,"CAMIONETA","RUTA INTERBALNEARIA km. 37,500","605378.31581378","6151153.64390968"
19/01/2016 01:00:00,"MONTEVIDEO","MONTEVIDEO","NACIONAL","CAÍDA","MOTO","CONDUCTOR",25,"M",25,,"RUTA 6 km. 17,600","578668.01012421","6150480.65276404"
19/01/2016 19:10:00,"ROCHA","N/C","NACIONAL","DESPISTE","AUTO","CONDUCTOR",74,"M",1,,"RUTA 14 km. 273","750763.84412997","6276245.23887067"
20/01/2016 18:30:00,"ARTIGAS","N/C","NACIONAL","COLISIÓN ENTRE VEHÍCULOS","MOTO","CONDUCTOR",72,"M",0,"CAMION","RUTA 30 km. 161","561252.5394","6608981.4617"
20/01/2016 20:50:00,"LAVALLEJA","MINAS","DEPARTAMENTAL","ATROPELLO DE PEATÓN","PEATÓN","PEATÓN",77,"F",0,"AUTO","RUTA 8 esq. CALLE 180","663786.43001052","6195807.60272268"
22/01/2016 06:55:00,"PAYSANDU","PAYSANDU","NACIONAL","COLISIÓN ENTRE VEHÍCULOS","CUADRICICLO","CONDUCTOR",76,"M",0,"CAMIONETA","RUTA 3 km. 380","401458.5222658","6424009.6591021"
23/01/2016 02:15:00,"RIO NEGRO","FRAY BENTOS","NACIONAL","DESPISTE","MOTO","CONDUCTOR",18,"M",0,,"RUTA 2 km. 308,500","380142.3416","6332004.3198"
23/01/2016 06:00:00,"SAN JOSE","CIUDAD DEL PLATA","NACIONAL","COLISIÓN ENTRE VEHÍCULOS","MOTO","CONDUCTOR",38,"M",9,"CAMIONETA","RUTA 1 km. 26","558632.29769443","6151607.69382056"
23/01/2016 23:49:00,"CANELONES","LAS PIEDRAS","DEPARTAMENTAL","DESPISTE","MOTO","CONDUCTOR",30,"M",24,,"GENERAL ARTIGAS esq. CAMINO AL OBELISCO","572845.83963198","6157045.18820457"
24/01/2016 14:07:00,"MONTEVIDEO","MONTEVIDEO","DEPARTAMENTAL","ATROPELLO DE PEATÓN","PEATÓN","PEATÓN",68,"F",3,"AUTO","RAMBLA REPUBLICA DEL PERU esq. JOSE MARTI","577845.93322102","6136190.9053489"
25/01/2016 02:42:00,"MONTEVIDEO","MONTEVIDEO","DEPARTAMENTAL","COLISIÓN ENTRE VEHÍCULOS","MOTO","CONDUCTOR",18,"F",0,"MOTO","GRECIA esq. BERNA","568466.16965042","6140357.62008952"
25/01/2016 05:55:00,"CERRO LARGO","N/C","NACIONAL","DESPISTE","CAMIONETA","PASAJERO",13,"F",1,,"RUTA 8 km. 356","761206.22798185","6381508.01235427"
25/01/2016 05:55:00,"CERRO LARGO","N/C","NACIONAL","DESPISTE","CAMIONETA","CONDUCTOR",62,"M",1,,"RUTA 8 km. 356","761206.22798185","6381508.01235427"
25/01/2016 18:50:00,"PAYSANDU","TAMBORES","DEPARTAMENTAL","COLISIÓN ENTRE VEHÍCULOS","MOTO","CONDUCTOR",43,"M",23,"MOTO","CALLE 16 esq. JACINTO GONZÁLEZ","571577.59394991","6472473.27408728"
26/01/2016 16:15:00,"ROCHA","N/C","NACIONAL","DESPISTE","AUTO","CONDUCTOR",49,"F",0,,"RUTA 10 km. 210","727838.98786711","6149220.96623539"
28/01/2016 21:30:00,"MONTEVIDEO","MONTEVIDEO","DEPARTAMENTAL","COLISIÓN ENTRE VEHÍCULOS","MOTO","CONDUCTOR",20,"M",0,"OMNIBUS","CONCILIACION esq. DOCTOR MARTIN BERINDUAGUE","570971.53833151","6141932.14061688"
29/01/2016 22:51:00,"MONTEVIDEO","MONTEVIDEO","DEPARTAMENTAL","COLISIÓN ENTRE VEHÍCULOS","MOTO","CONDUCTOR",42,"M",0,"AUTO","AVENIDA ITALIA  esq. CANDELARIA","581219.2181655","6139123.51415247"
31/01/2016 19:00:00,"MONTEVIDEO","MONTEVIDEO","DEPARTAMENTAL","CAÍDA","MOTO","CONDUCTOR",38,"M",0,,"MAESTRA MARIA MANRUPE esq. ACTRIZ ANGELA TESADA","580332.66034067","6142644.48228009"
01/02/2016 04:26:00,"CANELONES","N/C","NACIONAL","COLISIÓN ENTRE VEHÍCULOS","MOTO","CONDUCTOR",20,"M",1,"CAMION","RUTA 32 km. 32","575619.64270307","6167949.45203324"
02/02/2016 00:01:00,"TREINTA Y TRES","N/C","NACIONAL","COLISIÓN ENTRE VEHÍCULOS","CAMIONETA","CONDUCTOR",68,"M",1,"CAMION","RUTA 8 km. 273","735865.11","6309994.43"
04/02/2016 20:00:00,"COLONIA","NUEVA HELVECIA","DEPARTAMENTAL","COLISIÓN ENTRE VEHÍCULOS","MOTO","CONDUCTOR",25,"M",1,"AUTO","F. GILOMEN esq. GUILLERMO TELL","478223.2484","6206123.4599"
04/02/2016 20:35:00,"MONTEVIDEO","MONTEVIDEO","DEPARTAMENTAL","COLISIÓN ENTRE VEHÍCULOS","BICICLETA","CONDUCTOR",30,"F",1,"AUTO","RAMBLA PRESIDENTE WILSON esq. JUAN JACKSON","575593.5553","6136122.2361"
04/02/2016 23:30:00,"MONTEVIDEO","MONTEVIDEO","DEPARTAMENTAL","ATROPELLO DE PEATÓN","PEATÓN","PEATÓN",78,"M",11,"OMNIBUS","ATAHONA esq. REYES","573915.69506382","6143050.54787579"
05/02/2016 16:04:00,"MONTEVIDEO","MONTEVIDEO","DEPARTAMENTAL","ATROPELLO DE PEATÓN","PEATÓN","PEATÓN",62,"F",0,"AUTO","RAMBLA SUR esq. ANDES","573339.256","6136472.9421"
05/02/2016 18:00:00,"SORIANO","N/C","NACIONAL","COLISIÓN ENTRE VEHÍCULOS","MOTO","CONDUCTOR",22,"M",1,"CAMION","RUTA 105 km. 22,500","377140.54495502","6304127.61311761"
06/02/2016 00:28:00,"MONTEVIDEO","MONTEVIDEO","DEPARTAMENTAL","COLISIÓN ENTRE VEHÍCULOS","MOTO","PASAJERO",19,"F",1,"CAMIONETA","AVENIDA GENERAL FLORES esq. GRONARDO","577472.1181","6144058.1695"
06/02/2016 05:33:00,"MONTEVIDEO","MONTEVIDEO","DEPARTAMENTAL","COLISIÓN ENTRE VEHÍCULOS","MOTO","CONDUCTOR",65,"M",1,"MOTO","CAMINO DE LA PAZ A MENDOZA esq. CAMINO PASO CALPINO","571786.4086","6152606.296"
06/02/2016 19:00:00,"COLONIA","CARMELO","DEPARTAMENTAL","COLISIÓN ENTRE VEHÍCULOS","MOTO","CONDUCTOR",20,"M",1,"AUTO","DIECINUEVE DE ABRIL esq. GENERAL JOSE G. ARTIGAS","381600.18617138","6238175.43749208"
07/02/2016 23:30:00,"CERRO LARGO","FRAILE MUERTO","NACIONAL","DESPISTE","CAMIONETA","CONDUCTOR",70,"M",0,,"RUTA 7 km. 351","730597.98938466","6399403.49739278"
09/02/2016 05:00:00,"COLONIA","COLONIA COSMOPOLITA","DEPARTAMENTAL","CAÍDA","MOTO","CONDUCTOR",49,"M",0,,"CAMINO COSMOPOLITA esq. PEDRO BOUNOUS","463121.37639258","6195011.0615675"
11/02/2016 07:12:00,"MONTEVIDEO","MONTEVIDEO","NACIONAL","COLISIÓN ENTRE VEHÍCULOS","MOTO","CONDUCTOR",24,"M",0,"CAMION","RAMBLA DOCTOR BALTASAR BRUM esq. SAN RAMON","572348.0288","6140329.8572"
12/02/2016 05:19:00,"MALDONADO","SAN RAFAEL","DEPARTAMENTAL","DESPISTE","MOTO","CONDUCTOR",20,"M",0,,"GENERAL APARICIO esq. DOCTOR ELIAS REGULES","692229.9957","6134174.9175"
12/02/2016 16:30:00,"MONTEVIDEO","MONTEVIDEO","DEPARTAMENTAL","COLISIÓN ENTRE VEHÍCULOS","BICICLETA","CONDUCTOR",39,"M",0,"AUTO","AVENIDA LEZICA esq. CALDERON DE LA BARCA","570664.2185","6148454.799"
12/02/2016 20:00:00,"MALDONADO","SAN CARLOS","DEPARTAMENTAL","COLISIÓN ENTRE VEHÍCULOS","MOTO","CONDUCTOR",44,"M",0,"AUTO","CARLOS SEIJO esq. DOCTOR ASCHERI","689939.71723727","6147351.58973391"
14/02/2016 12:20:00,"RIVERA","N/C","NACIONAL","DESPISTE","CAMIONETA","PASAJERO",,"M",21,,"RUTA 28 km. 80","655899.36","6545173.82"
14/02/2016 18:23:00,"CANELONES","FORTIN DE SANTA ROSA","NACIONAL","COLISIÓN ENTRE VEHÍCULOS","AUTO","PASAJERO",23,"M",1,"AUTO","RUTA INTERBALNEARIA km. 41,800","609034.2","6151895.35"
14/02/2016 21:35:00,"MONTEVIDEO","MONTEVIDEO","DEPARTAMENTAL","COLISIÓN ENTRE VEHÍCULOS","MOTO","PASAJERO",69,"M",0,"CAMIONETA","CUBA esq. PERU","567701.3737","6140034.3778"
17/02/2016 09:48:00,"MONTEVIDEO","MONTEVIDEO","DEPARTAMENTAL","COLISIÓN ENTRE VEHÍCULOS","MOTO","CONDUCTOR",58,"M",0,"OMNIBUS","CAMINO CARMELO COLMAN esq. RUTA CESAR MAYO GUTIERREZ","570930.7981","6149143.8254"
17/02/2016 11:05:00,"ARTIGAS","ARTIGAS","DEPARTAMENTAL","CAÍDA","MOTO","CONDUCTOR",65,"M",1,,"WILSON FERREIRA ALDUNATE esq. MIGUEL BARREIRO","551414.64565796","6635310.37567817"
17/02/2016 23:10:00,"SAN JOSE","CIUDAD DEL PLATA","DEPARTAMENTAL","COLISIÓN ENTRE VEHÍCULOS","MOTO","CONDUCTOR",29,"M",0,"OMNIBUS","CEYLAN esq. AVENIDA DEL TIGRE","558650.62966459","6152374.99174858"
23/02/2016 15:00:00,"ARTIGAS","ARTIGAS","DEPARTAMENTAL","COLISIÓN ENTRE VEHÍCULOS","MOTO","PASAJERO",16,"F",1,"CAMION","CIUDAD DE QUARAI esq. PARAGUAY","551261.15194533","6635007.60986188"
24/02/2016 13:00:00,"MONTEVIDEO","MONTEVIDEO","DEPARTAMENTAL","COLISIÓN ENTRE VEHÍCULOS","AUTO","PASAJERO",85,"M",4,"AUTO","MARIA ORTICOCHEA esq. CAMINO CASTRO","572990.1721","6143274.0605"
27/02/2016 14:30:00,"MONTEVIDEO","MONTEVIDEO","DEPARTAMENTAL","ATROPELLO DE PEATÓN","PEATÓN","PEATÓN",73,"F",1,"CAMIONETA","MARTIN GARCIA esq. ACEVEDO DIAZ","576000.0596369","6139155.00669045"
27/02/2016 15:45:00,"FLORIDA","N/C","NACIONAL","DESPISTE","CAMIONETA","CONDUCTOR",45,"M",1,,"RUTA 7 km. 196","665472.75","6290225.21"
27/02/2016 17:50:00,"MALDONADO","N/C","NACIONAL","DESPISTE","AUTO","CONDUCTOR",29,"M",0,,"RUTA 9 km. 174,200","720400.85075072","6157028.18844506"
28/02/2016 03:50:00,"MALDONADO","MALDONADO","DEPARTAMENTAL","DESPISTE","AUTO","CONDUCTOR",38,"M",0,,"RUTA 39 km. 8","687487.02483189","6139773.61910464"
29/02/2016 06:00:00,"CANELONES","SANTA LUCIA","NACIONAL","ATROPELLO DE PEATÓN","PEATÓN","PEATÓN",79,"F",1,"CAMION","RUTA 46 km. 58,300","556541.29304398","6186248.56830454"
29/02/2016 10:40:00,"MONTEVIDEO","MONTEVIDEO","DEPARTAMENTAL","COLISIÓN ENTRE VEHÍCULOS","BICICLETA","CONDUCTOR",80,"M",0,"CAMION","CAMINO MALDONADO esq. CARLOMAGNO","580767.4595","6144674.0524"
01/03/2016 00:50:00,"MONTEVIDEO","MONTEVIDEO","DEPARTAMENTAL","ATROPELLO DE PEATÓN","PEATÓN","PEATÓN",53,"M",0,"CAMIONETA","JOSE LLUPES esq. FLEITAS","570328.82994731","6143316.40951681"
01/03/2016 18:51:00,"MONTEVIDEO","MONTEVIDEO","DEPARTAMENTAL","ATROPELLO DE PEATÓN","PEATÓN","PEATÓN",77,"F",14,"MOTO","AVENIDA GENERAL SAN MARTIN esq. DOCTOR JOSE REVUELTA","575372.4759","6142481.7609"
02/03/2016 17:55:00,"CANELONES","CANELONES","NACIONAL","COLISIÓN ENTRE VEHÍCULOS","MOTO","CONDUCTOR",73,"M",0,"AUTO","RUTA 5 km. 40,200","567286.46243927","6175024.03523778"
02/03/2016 20:35:00,"CANELONES","SALINAS","NACIONAL","COLISIÓN ENTRE VEHÍCULOS","MOTO","PASAJERO",47,"M",9,"AUTO","RUTA 87 Nro. km 44,500","605790.1340845","6152792.77515922"
03/03/2016 17:10:00,"SORIANO","MERCEDES","DEPARTAMENTAL","DESPISTE","MOTO","CONDUCTOR",20,"F",8,,"RUTA 2 esq. WILSON FERREIRA ALDUNATE","405271.2462","6320865.2356"
03/03/2016 21:16:00,"MONTEVIDEO","MONTEVIDEO","DEPARTAMENTAL","COLISIÓN ENTRE VEHÍCULOS","BICICLETA","CONDUCTOR",54,"M",0,"MOTO","AVENIDA DE LAS INSTRUCCIONES esq. CAMINO LA ESPIGA","580230.6104","6152308.7956"
04/03/2016 13:15:00,"MALDONADO","SAN CARLOS","DEPARTAMENTAL","ATROPELLO DE PEATÓN","PEATÓN","PEATÓN",64,"M",3,"MOTO","DOCTOR ANDRES CEBERIO esq. RINCON","690082.38675176","6147678.82076318"
04/03/2016 14:40:00,"MONTEVIDEO","MONTEVIDEO","DEPARTAMENTAL","ATROPELLO DE PEATÓN","PEATÓN","PEATÓN",56,"M",0,"CAMION","URUGUAYANA esq. DOCE DE DICIEMBRE","572759.45288121","6140654.34268922"
05/03/2016 16:25:00,"LAVALLEJA","N/C","NACIONAL","DESPISTE","AUTO","PASAJERO",8,"F",1,,"RUTA 12 km. 358.500","665578.95184907","6186527.70427948"
05/03/2016 16:25:00,"LAVALLEJA","N/C","NACIONAL","DESPISTE","AUTO","PASAJERO",24,"F",1,,"RUTA 12 km. 358.500","665578.95184907","6186527.70427948"
06/03/2016 00:00:00,"SAN JOSE","CIUDAD DEL PLATA","NACIONAL","COLISIÓN ENTRE VEHÍCULOS","AUTO","PASAJERO",36,"F",1,"CAMIONETA","RUTA 1 km 37","548354.27728722","6157637.26369443"
06/03/2016 19:57:00,"CANELONES","SAN LUIS","NACIONAL","ATROPELLO DE PEATÓN","PEATÓN","PEATÓN",29,"M",0,"CAMIONETA","RUTA INTERBALNEARIA km. 63,500","629749.56","6152005.77"
07/03/2016 09:10:00,"MONTEVIDEO","MONTEVIDEO","DEPARTAMENTAL","COLISIÓN ENTRE VEHÍCULOS","BICICLETA","CONDUCTOR",52,"M",1,"MOTO","AVENIDA ITALIA esq. SANTANDER","579842.6213","6139166.8006"
07/03/2016 10:00:00,"CANELONES","EL PINAR","NACIONAL","COLISIÓN ENTRE VEHÍCULOS","BICICLETA","CONDUCTOR",60,"F",2,"MOTO","RUTA INTERBALNEARIA km. 30,500","597746.2","6149658.44"
08/03/2016 12:17:00,"MONTEVIDEO","MONTEVIDEO","DEPARTAMENTAL","COLISIÓN ENTRE VEHÍCULOS","MOTO","CONDUCTOR",25,"M",23,"AUTO","PROFESOR DOCTOR ALBERTO BARCIA esq. DIOGENES HEQUET","570355.03716384","6143522.53040498"
09/03/2016 00:30:00,"TREINTA Y TRES","VERGARA","DEPARTAMENTAL","DESPISTE","MOTO","CONDUCTOR",55,"M",0,,"INDEPENDENCIA esq. LA ESTACIÓN","787136.74002131","6350616.00120607"
09/03/2016 03:10:00,"SAN JOSE","N/C","NACIONAL","DESPISTE","AUTO","PASAJERO",44,"F",0,,"RUTA 1 km. 90","504691.56","6190059.84"
09/03/2016 11:10:00,"SAN JOSE","TROPAS VIEJAS","NACIONAL","COLISIÓN ENTRE VEHÍCULOS","BICICLETA","CONDUCTOR",24,"M",0,"CAMION","RUTA 1 km. 35","548478.89628646","6157580.64274785"
10/03/2016 07:00:00,"CANELONES","COLONIA NICOLICH","NACIONAL","COLISIÓN ENTRE VEHÍCULOS","MOTO","CONDUCTOR",40,"F",0,"CAMIONETA","RUTA 102 km. 22,300","590251.3970273","6146620.7848823"
11/03/2016 16:50:00,"PAYSANDU","N/C","NACIONAL","COLISIÓN ENTRE VEHÍCULOS","AUTO","PASAJERO",47,"M",0,"AUTO","RUTA 3 km. 440","417071.04206567","6475375.98064568"
11/03/2016 16:50:00,"PAYSANDU","N/C","NACIONAL","COLISIÓN ENTRE VEHÍCULOS","AUTO","PASAJERO",81,"F",0,"AUTO","RUTA 3 km. 440","417071.04206567","6475375.98064568"
12/03/2016 11:30:00,"SAN JOSE","CIUDAD DEL PLATA","DEPARTAMENTAL","COLISIÓN ENTRE VEHÍCULOS","BICICLETA","CONDUCTOR",41,"F",1,"OMNIBUS","LOS CIPRESES esq. RUTA UNO VIEJA","553594.20487126","6154394.61876642"
12/03/2016 18:40:00,"TREINTA Y TRES","N/C","NACIONAL","COLISIÓN ENTRE VEHÍCULOS","AUTO","CONDUCTOR",49,"M",1,"AUTO","RUTA 17 km. 298.500","758471.54336571","6325111.40586122"
13/03/2016 17:30:00,"SORIANO","N/C","NACIONAL","COLISIÓN ENTRE VEHÍCULOS","CAMIONETA","PASAJERO",71,"M",13,"CAMIONETA","RUTA 14 km. 8","412510.83","6321662.12"
13/03/2016 19:38:00,"CANELONES","BELLO HORIZONTE","NACIONAL","ATROPELLO DE PEATÓN","PEATÓN","PEATÓN",29,"M",0,"AUTO","RUTA INTERBALNEARIA km. 56,500","623453.96","6153712.13"
17/03/2016 20:40:00,"FLORIDA","N/C","NACIONAL","COLISIÓN ENTRE VEHÍCULOS","AUTO","CONDUCTOR",68,"M",0,"CAMIONETA","RUTA 5 esq. RUTA 12","575222.52869289","6222659.57019453"
18/03/2016 12:00:00,"MONTEVIDEO","MONTEVIDEO","DEPARTAMENTAL","ATROPELLO DE PEATÓN","PEATÓN","PEATÓN",74,"M",0,"AUTO","MONZONI esq. JUAN AGAZZI","582654.2793","6141209.6804"
21/03/2016 15:50:00,"TREINTA Y TRES","VERGARA","NACIONAL","COLISIÓN ENTRE VEHÍCULOS","AUTO","PASAJERO",51,"F",0,"CAMIONETA","RUTA 18 km. 320","767139.11","6340360.1"
21/03/2016 15:50:00,"TREINTA Y TRES","VERGARA","NACIONAL","COLISIÓN ENTRE VEHÍCULOS","AUTO","CONDUCTOR",40,"M",1,"CAMIONETA","RUTA 18 km. 320","767139.11","6340360.1"
22/03/2016 00:00:00,"CANELONES","N/C","NACIONAL","ATROPELLO DE PEATÓN","PEATÓN","PEATÓN",52,"M",0,"CAMIONETA","RUTA 6 km. 42,800","586709.18","6172367.99"
22/03/2016 21:30:00,"COLONIA","COLONIA VALDENSE","NACIONAL","ATROPELLO DE PEATÓN","PEATÓN","PEATÓN",59,"M",0,"AUTO","RUTA 1 km. 124,500","472480.09","6201073.73"
25/03/2016 07:00:00,"RIO NEGRO","YOUNG","DEPARTAMENTAL","CAÍDA","MOTO","CONDUCTOR",21,"M",1,,"ASENCIO esq. GENERAL FRUCTUOSO RIVERA","440790.64730133","6381061.06454558"
25/03/2016 10:45:00,"CANELONES","PANDO","NACIONAL","COLISIÓN ENTRE VEHÍCULOS","MOTO","CONDUCTOR",76,"M",0,"AUTO","RUTA 8 km. 48.500 esq. AVENIDA JOSE PEDRO VARELA","595479.4675","6157212.5368"
26/03/2016 01:10:00,"SAN JOSE","SANTA LUCIA","NACIONAL","DESPISTE","AUTO","CONDUCTOR",52,"M",0,,"RUTA 11 km. 80","552276.71851478","6188560.54461142"
26/03/2016 01:10:00,"SAN JOSE","SANTA LUCIA","NACIONAL","DESPISTE","AUTO","PASAJERO",81,"M",0,,"RUTA 11 km. 80","552276.71851478","6188560.54461142"
26/03/2016 12:15:00,"TACUAREMBO","N/C","NACIONAL","DESPISTE","CAMIONETA","CONDUCTOR",67,"M",0,,"RUTA 31 km. 200","581750.4538111","6497085.55421774"
26/03/2016 12:15:00,"TACUAREMBO","N/C","NACIONAL","DESPISTE","CAMIONETA","PASAJERO",58,"F",0,,"RUTA 31 km. 200","581750.4538111","6497085.55421774"
27/03/2016 20:10:00,"SALTO","SALTO","DEPARTAMENTAL","ATROPELLO DE PEATÓN","PEATÓN","PEATÓN",64,"F",1,"OMNIBUS","AGRACIADA esq. AVENIDA BLANDENGUES","410100.2616","6527201.1532"
28/03/2016 12:05:00,"COLONIA","NUEVA HELVECIA","DEPARTAMENTAL","COLISIÓN ENTRE VEHÍCULOS","MOTO","CONDUCTOR",55,"M",1,"CAMIONETA","CARLOS CUNIER esq. UTE 14 (barrio Muglini)","479512.99638383","6206305.34800143"
28/03/2016 15:50:00,"CANELONES","AEROPUERTO DE CARRASCO","NACIONAL","COLISIÓN ENTRE VEHÍCULOS","BICICLETA","CONDUCTOR",51,"M",6,"AUTO","RUTA 101 km.19,500","590356.6281","6144865.6735"
28/03/2016 17:00:00,"PAYSANDU","N/C","NACIONAL","COLISIÓN ENTRE VEHÍCULOS","AUTO","PASAJERO",54,"M",0,"CAMION","RUTA 26 km. 53","436371.6581591","6453525.64800786"
28/03/2016 17:00:00,"PAYSANDU","N/C","NACIONAL","COLISIÓN ENTRE VEHÍCULOS","AUTO","PASAJERO",53,"F",0,"CAMION","RUTA 26 km. 53","436371.6581591","6453525.64800786"
31/03/2016 14:45:00,"SAN JOSE","N/C","NACIONAL","COLISIÓN ENTRE VEHÍCULOS","MOTO","CONDUCTOR",20,"M",0,"CAMIONETA","RUTA 11 km. 78,200","549941.7809914","6189188.88876851"
01/04/2016 10:40:00,"TACUAREMBO","TACUAREMBÓ","NACIONAL","COLISIÓN ENTRE VEHÍCULOS","MOTO","CONDUCTOR",40,"M",0,"CAMION","RUTA 26 km 229,300","594705.9025","6488627.3416"
01/04/2016 19:05:00,"CANELONES","CANELONES","NACIONAL","COLISIÓN ENTRE VEHÍCULOS","MOTO","CONDUCTOR",14,"M",0,"CAMIONETA","RUTA 5 km. 49,100","566075.46575568","6182886.41543482"
02/04/2016 10:00:00,"LAVALLEJA","MINAS","DEPARTAMENTAL","COLISIÓN ENTRE VEHÍCULOS","MOTO","CONDUCTOR",24,"M",0,"CAMIONETA","CALLE 42 esq. No encontrada","660869.88826428","6194632.43715561"
03/04/2016 05:40:00,"SALTO","SALTO","DEPARTAMENTAL","DESPISTE","MOTO","CONDUCTOR",29,"M",0,,"AVENIDA MANUEL ORIBE esq. OFICIAL DOS","411085.6981","6527222.3543"
04/04/2016 08:30:00,"MONTEVIDEO","MONTEVIDEO","DEPARTAMENTAL","COLISIÓN ENTRE VEHÍCULOS","MOTO","CONDUCTOR",25,"M",0,"CAMION","AVENIDA GENERAL FLORES esq. HUM","576820.7737","6143117.1695"
05/04/2016 08:10:00,"CANELONES","PANDO","NACIONAL","ATROPELLO DE PEATÓN","PEATÓN","PEATÓN",57,"F",1,"CAMIONETA","RUTA 8 km. 25","590504.86836757","6153244.90646388"
07/04/2016 17:27:00,"MONTEVIDEO","MONTEVIDEO","DEPARTAMENTAL","COLISIÓN ENTRE VEHÍCULOS","MOTO","CONDUCTOR",40,"M",0,"AUTO","Av. ISLAS CANARIAS esq. Av. Gral. EUGENIO GARZON","571142.1911","6144079.3972"
08/04/2016 06:15:00,"CANELONES","COLONIA LAMAS","NACIONAL","COLISIÓN ENTRE VEHÍCULOS","MOTO","CONDUCTOR",24,"M",0,"CAMION","RUTA INTERBALNEARIA km. 23","591007.30107263","6145545.93095585"
08/04/2016 13:30:00,"CANELONES","CIUDAD DE LA COSTA","DEPARTAMENTAL","COLISIÓN ENTRE VEHÍCULOS","BICICLETA","CONDUCTOR",87,"M",0,"CAMIONETA","CAMINO CARRASCO esq. GARCÍA LAGOS","586357.44811806","6141760.65686673"
09/04/2016 17:00:00,"MONTEVIDEO","MONTEVIDEO","DEPARTAMENTAL","COLISIÓN ENTRE VEHÍCULOS","MOTO","CONDUCTOR",26,"M",0,"CAMION","POMPEYO esq. CAMINO CORONEL RAIZ","573076.3262","6145171.4244"
11/04/2016 13:44:00,"MONTEVIDEO","MONTEVIDEO","DEPARTAMENTAL","ATROPELLO DE PEATÓN","PEATÓN","PEATÓN",86,"F",0,"OMNIBUS","JUAN JACKSON esq. AVENIDA GONZALO RAMIREZ","575575.92422524","6136424.56309422"
12/04/2016 14:05:00,"MALDONADO","N/C","NACIONAL","COLISIÓN ENTRE VEHÍCULOS","MOTO","PASAJERO",21,"F",1,"MOTO","RUTA 39","687353.93914905","6139471.46433366"
13/04/2016 22:20:00,"CANELONES","COLONIA NICOLICH","NACIONAL","COLISIÓN ENTRE VEHÍCULOS","MOTO","CONDUCTOR",21,"F",0,"AUTO","RUTA 101 km. 20,800","590399.95","6145051.35"
15/04/2016 06:55:00,"LAVALLEJA","MINAS","DEPARTAMENTAL","COLISIÓN ENTRE VEHÍCULOS","MOTO","CONDUCTOR",64,"M",2,"AUTO","WASHINGTON BELTRAN esq. CLAUDIO WILLIMAN","661874.91206922","6194970.94631014"
15/04/2016 22:30:00,"ROCHA","N/C","NACIONAL","DESPISTE","AUTO","CONDUCTOR",53,"F",0,,"RUTA 15 km. 23","749842.18","6176983.05"
16/04/2016 05:55:00,"CANELONES","COLONIA NICOLICH","NACIONAL","COLISIÓN ENTRE VEHÍCULOS","MOTO","CONDUCTOR",46,"M",0,"AUTO","RUTA 101 km. 20,800","590399.95","6145051.35"
17/04/2016 07:35:00,"MONTEVIDEO","MONTEVIDEO","DEPARTAMENTAL","COLISIÓN ENTRE VEHÍCULOS","MOTO","CONDUCTOR",23,"M",0,"OMNIBUS","DOCTOR JUAN PAULLIER esq. DANIEL MUÑOZ","575843.84680922","6138169.68316072"
19/04/2016 19:15:00,"MONTEVIDEO","MONTEVIDEO","DEPARTAMENTAL","ATROPELLO DE PEATÓN","PEATÓN","PEATÓN",72,"M",5,"CAMIONETA","CMNO. CAPITAN CORALIO LACOSTA esq. AVENIDA JOSE BELLONI","578833.65675206","6147566.10712822"
20/04/2016 09:12:00,"MONTEVIDEO","MONTEVIDEO","DEPARTAMENTAL","CAÍDA","MOTO","CONDUCTOR",47,"M",30,,"AVENIDA LUIS BATLLE BERRES esq. CAMINO CIBILS","566119.9922","6145103.6725"
21/04/2016 06:40:00,"MONTEVIDEO","MONTEVIDEO","DEPARTAMENTAL","COLISIÓN ENTRE VEHÍCULOS","BICICLETA","CONDUCTOR",59,"M",0,"CAMION","AVENIDA GENERAL SAN MARTIN esq. CAMINO DOMINGO ARENA","575992.2347","6146518.6761"
21/04/2016 11:25:00,"FLORES","TRINIDAD","DEPARTAMENTAL","COLISIÓN ENTRE VEHÍCULOS","MOTO","CONDUCTOR",26,"M",0,"CAMION","HECTOR GUTIERREZ RUIZ esq. VEINTICINCO DE AGOSTO","508634.3098","6291534.9791"
23/04/2016 23:00:00,"PAYSANDU","PAYSANDU","DEPARTAMENTAL","COLISIÓN ENTRE VEHÍCULOS","MOTO","CONDUCTOR",50,"F",1,"CAMIONETA","REPÚBLICA ARGENTINA esq. ENRIQUE CHAPLIN","400312.26260543","6423472.10089482"
24/04/2016 02:45:00,"COLONIA","JUAN LACAZE","DEPARTAMENTAL","CAÍDA","MOTO","CONDUCTOR",16,"M",0,,"TABARE esq. SENAQUE","460368.5948","6189286.9787"
25/04/2016 05:51:00,"CANELONES","LA PAZ","DEPARTAMENTAL","COLISIÓN ENTRE VEHÍCULOS","MOTO","PASAJERO",50,"F",0,"AUTO","CAMINO ALDABALDE esq. CALLE 17 METROS","570068.9251","6153892.0917"
25/04/2016 05:51:00,"CANELONES","LA PAZ","DEPARTAMENTAL","COLISIÓN ENTRE VEHÍCULOS","MOTO","CONDUCTOR",52,"M",0,"AUTO","CAMINO ALDABALDE esq. CALLE 17 METROS","570068.9251","6153892.0917"
26/04/2016 19:50:00,"ARTIGAS","TOMAS GOMENSORO","NACIONAL","CAÍDA","MOTO","CONDUCTOR",18,"M",0,,"RUTA 30 km 22,500","458202.35376254","6632333.25630724"
01/05/2016 15:09:00,"MONTEVIDEO","MONTEVIDEO","NACIONAL","CAÍDA","MOTO","PASAJERO",34,"F",4,,"AVENIDA DE LAS INSTRUCCIONES ESQ. CMNO. CARLOS LINNEO","578668.0101","6150480.6528"
02/05/2016 18:30:00,"SORIANO","N/C","NACIONAL","COLISIÓN ENTRE VEHÍCULOS","CAMIONETA","CONDUCTOR",65,"M",0,"CAMIÓN","RUTA 21 km. 334,500","393469.29","6299763.77"
03/05/2016 12:10:00,"COLONIA","TARARIRAS","DEPARTAMENTAL","COLISIÓN ENTRE VEHÍCULOS","MOTO","CONDUCTOR",17,"M",1,"AUTO","GENERAL JUAN ANTONIO LAVALLEJA esq. GENERAL JOSE G. ARTIGAS","443493.1352","6207917.9495"
03/05/2016 13:20:00,"FLORES","N/C","NACIONAL","DESPISTE","CAMIONETA","CONDUCTOR",51,"M",0,,"RUTA 3 km. 180,000","511782.35","6282688.88"
07/05/2016 04:30:00,"SAN JOSE","PUNTAS DE VALDEZ","NACIONAL","CAÍDA","MOTO","CONDUCTOR",57,"F",5,,"RUTA 1 Km 60,900","527562.02646","6172737.38262689"
07/05/2016 23:02:00,"FLORIDA","25 DE AGOSTO","NACIONAL","DESPISTE","CAMIONETA","CONDUCTOR",63,"F",1,,"RUTA 77 km. 4,000","555047.86","6196350.28"
08/05/2016 18:45:00,"DURAZNO","CENTENARIO","NACIONAL","ATROPELLO DE ANIMALES","MOTO","CONDUCTOR",19,"M",0,,"RUTA 5 km. 246,000","547317.33578845","6366569.43473286"
09/05/2016 02:05:00,"MALDONADO","PUNTA DEL ESTE","NACIONAL","DESPISTE","AUTO","PASAJERO",24,"M",0,,"RUTA 10 esq. PERSEO RAMBLA WILLIMAN PARADA 33 PLAYA MANSA","683783.34205379","6134817.25456183"
09/05/2016 11:30:00,"MALDONADO","N/C","NACIONAL","DESPISTE","CAMIONETA","PASAJERO",66,"M",1,,"RUTA 9 km. 152,000","703517.49","6150380.47"
10/05/2016 15:30:00,"CANELONES","PROGRESO","NACIONAL","COLISIÓN ENTRE VEHÍCULOS","AUTO","PASAJERO",21,"M",2,"CAMION","RUTA 67 km. 25,000","573705.33251261","6160187.18531796"
10/05/2016 21:30:00,"TREINTA Y TRES","TREINTA Y TRES","DEPARTAMENTAL","COLISIÓN ENTRE VEHÍCULOS","MOTO","CONDUCTOR",33,"F",0,"CAMION","CUATRO DE OCTUBRE esq. RUTA 17","746605.1234","6322136.0196"
11/05/2016 06:20:00,"MONTEVIDEO","MONTEVIDEO","NACIONAL","COLISIÓN ENTRE VEHÍCULOS","BICICLETA","CONDUCTOR",54,"M",0,"OMNIBUS","RUTA 1 km. 10,000 (LA PALOMA TOMKINSON)","566481.23","6143036.55"
12/05/2016 00:50:00,"TACUAREMBO","TACUAREMBO","NACIONAL","ATROPELLO DE PEATÓN","PEATÓN","PEATÓN",37,"M",0,"CAMION","RUTA 5 km. 382,500","595646.54","6484678.76"
12/05/2016 21:00:00,"MONTEVIDEO","MONTEVIDEO","DEPARTAMENTAL","COLISIÓN ENTRE VEHÍCULOS","AUTO","PASAJERO",35,"F",1,"AUTO","BLANDENGUES esq. DOCTOR JOSE TERRA","574723.9304","6139550.7343"
13/05/2016 16:15:00,"CANELONES","N/C","DEPARTAMENTAL","COLISIÓN ENTRE VEHÍCULOS","MOTO","CONDUCTOR",26,"M",0,"CAMION","CAMINO LOS AROMOS","590239.71746654","6150457.33584199"
14/05/2016 20:40:00,"TACUAREMBO","TACUAREMBO","DEPARTAMENTAL","DESPISTE","MOTO","CONDUCTOR",48,"M",1,,"TABARE esq. INTENDENTE OLIVER","594395.1788","6491555.6822"
15/05/2016 01:13:00,"MONTEVIDEO","MONTEVIDEO","DEPARTAMENTAL","DESPISTE","AUTO","CONDUCTOR",57,"M",1,,"COLONIA esq. RIO NEGRO","573662.8971","6137186.3474"
15/05/2016 08:55:00,"TACUAREMBO","N/C","NACIONAL","DESPISTE","AUTO","PASAJERO",84,"F",1,,"RUTA 5 km. 345","586092.8","6450549.29"
15/05/2016 18:30:00,"RIO NEGRO","N/C","DEPARTAMENTAL","ATROPELLO DE PEATÓN","PEATÓN","PEATÓN",79,"M",1,"MOTO","CAMINO BATLLE Y ORDOÑEZ","375602.10353994","6331570.28193039"
16/05/2016 16:00:00,"MONTEVIDEO","MONTEVIDEO","DEPARTAMENTAL","ATROPELLO DE PEATÓN","PEATÓN","PEATÓN",72,"M",5,"MOTO","AVENIDA INGENIERO FEDERICO CAPURRO esq. CAMINO CIBILS","566982.9622","6140873.3544"
18/05/2016 00:00:00,"PAYSANDU","PUNTAS DE ARROYO NEGRO","DEPARTAMENTAL","COLISIÓN ENTRE VEHÍCULOS","MOTO","CONDUCTOR",17,"M",3,"MOTO","Camino Arroyo Negro y Cañada del Horno","446935.80585872","6406283.47249427"
18/05/2016 14:15:00,"CERRO LARGO","MELO","DEPARTAMENTAL","ATROPELLO DE PEATÓN","PEATÓN","PEATÓN",82,"F",2,"AUTO","F. MATA esq. DOCTOR LUIS ALBERTO DE HERRERA","766803.5278","6415023.0576"
19/05/2016 07:50:00,"CANELONES","LA PAZ","DEPARTAMENTAL","COLISIÓN ENTRE VEHÍCULOS","CAMIONETA","CONDUCTOR",72,"M",1,"TREN","DEL COMERCIO esq. DOCTOR LUIS ALBERTO DE HERRERA","571229.5883","6154680.6684"
20/05/2016 19:30:00,"COLONIA","ARTILLEROS","NACIONAL","COLISIÓN ENTRE VEHÍCULOS","CAMIONETA","CONDUCTOR",62,"F",0,"AUTO","RUTA 1 km. 151,000","447151","6194099.55"
20/05/2016 19:30:00,"COLONIA","ARTILLEROS","NACIONAL","COLISIÓN ENTRE VEHÍCULOS","CAMIONETA","PASAJERO",63,"M",0,"AUTO","RUTA 1 km. 151,000","447151","6194099.55"
23/05/2016 00:34:00,"SORIANO","CARDONA","NACIONAL","COLISIÓN ENTRE VEHÍCULOS","MOTO","CONDUCTOR",19,"M",0,"MOTO","RUTA 12 km. 95,500","454415.84","6247990.83"
23/05/2016 00:34:00,"SORIANO","CARDONA","NACIONAL","COLISIÓN ENTRE VEHÍCULOS","MOTO","CONDUCTOR",38,"M",0,"MOTO","RUTA 12 km. 95,500","454415.84","6247990.83"
24/05/2016 06:00:00,"CANELONES","SALINAS","NACIONAL","COLISIÓN ENTRE VEHÍCULOS","MOTO","CONDUCTOR",30,"M",0,"OMNIBUS","RUTA INTERBALNEARIA Nro. KM 39100 esq. No encontrada","606315.5605225","6151347.74965768"
24/05/2016 17:45:00,"MONTEVIDEO","MONTEVIDEO","DEPARTAMENTAL","ATROPELLO DE PEATÓN","PEATÓN","PEATÓN",16,"M",7,"CAMION","VEINTE DE FEBRERO esq. ISIDORO LARRAYA","579732.6334","6140817.2702"
25/05/2016 07:00:00,"RIO NEGRO","N/C","DEPARTAMENTAL","ATROPELLO DE ANIMALES","MOTO","CONDUCTOR",17,"M",1,,"Caminos Internos de la Colonia Tomás Berreta","380751.17008807","6325199.10252136"
25/05/2016 17:25:00,"SORIANO","N/C","DEPARTAMENTAL","DESPISTE","MOTO","CONDUCTOR",45,"M",0,,"Camino Paraje Cuchilla del Perdido","472874.01268986","6265818.57749975"
26/05/2016 11:50:00,"SALTO","SALTO","DEPARTAMENTAL","COLISIÓN ENTRE VEHÍCULOS","BICICLETA","CONDUCTOR",82,"M",1,"MOTO","AVENIDA ENRIQUE AMORIN esq. JOSE RAFFO","410337.403","6528049.3775"
26/05/2016 18:32:00,"MONTEVIDEO","MONTEVIDEO","DEPARTAMENTAL","COLISIÓN ENTRE VEHÍCULOS","MOTO","CONDUCTOR",56,"F",0,"AUTO","Cesar Mayo Gutierrez esq. Fernando Menck","570957.9162","6149762.4873"
29/05/2016 06:15:00,"TACUAREMBO","TACUAREMBO","DEPARTAMENTAL","COLISIÓN CON OBSTÁCULO EN CALZADA","MOTO","PASAJERO",32,"M",5,,"GENERAL MANUEL ORIBE esq. ITUZAINGO","596103.6407","6491429.7387"
29/05/2016 21:55:00,"SAN JOSE","SAN JOSE","DEPARTAMENTAL","COLISIÓN ENTRE VEHÍCULOS","MOTO","CONDUCTOR",21,"M",1,"CAMIONETA","MANUEL D RODRIGUEZ esq. CEBOLLATI","527035.6118","6201192.3547"
31/05/2016 13:30:00,"LAVALLEJA","MINAS","DEPARTAMENTAL","COLISIÓN ENTRE VEHÍCULOS","MOTO","CONDUCTOR",70,"M",1,"OMNIBUS","JOAQUÍN SUAREZ esq. AVENIDA GARIBALDI","662710.27959212","6195051.91336936"
31/05/2016 14:50:00,"SALTO","SALTO","NACIONAL","COLISIÓN ENTRE VEHÍCULOS","MOTO","PASAJERO",42,"M",5,"AUTO","ACCESOS A RUTA 3","415958.85","6527675.6"
01/06/2016 07:10:00,"CERRO LARGO","MELO","NACIONAL","ATROPELLO DE ANIMALES","MOTO","CONDUCTOR",23,"M",1,,"RUTA 7 km. 3,800","731552.6","6404081.66"
01/06/2016 16:50:00,"COLONIA","COLONIA DEL SACRAMENTO","NACIONAL","COLISIÓN ENTRE VEHÍCULOS","MOTO","CONDUCTOR",82,"M",4,"CAMIONETA","RUTA 1 km. 171,500","427219.72","6187881.01"
02/06/2016 20:50:00,"CANELONES","COLONIA NICOLICH","NACIONAL","ATROPELLO DE PEATÓN","PEATÓN","PEATÓN",21,"M",0,"CAMIONETA","RUTA 101 km. 27,000","591996.33","6150834.86"
04/06/2016 03:15:00,"PAYSANDU","PAYSANDU","DEPARTAMENTAL","CAÍDA","MOTO","PASAJERO",20,"F",0,,"ANDRESITO esq. CORONEL FELIPE ARGENTO","399799.8149","6425370.3342"
05/06/2016 02:20:00,"TACUAREMBO","VALLE EDÉN","NACIONAL","DESPISTE","AUTO","CONDUCTOR",26,"M",1,,"RUTA 26 km. 208,000","578274.69","6479964.49"
05/06/2016 19:30:00,"CANELONES","CANELONES","NACIONAL","ATROPELLO DE PEATÓN","PEATÓN","PEATÓN",84,"M",0,"AUTO","RUTA 11 km. 108,500","574528.53","6180587.3"
06/06/2016 13:35:00,"SAN JOSE","SAN JOSE","NACIONAL","DESPISTE","CAMIONETA","CONDUCTOR",50,"M",0,,"RUTA 3 km. 82,000","523588.79","6191017.03"
09/06/2016 06:53:00,"MONTEVIDEO","MONTEVIDEO","DEPARTAMENTAL","ATROPELLO DE PEATÓN","PEATÓN","PEATÓN",58,"M",0,"MOTO","BOULEVARD APARICIO SARAVIA esq. LEONARDO DA VINCI","581925.623","6146495.6334"
09/06/2016 11:20:00,"MONTEVIDEO","MONTEVIDEO","DEPARTAMENTAL","DESPISTE","MOTO","CONDUCTOR",33,"M",0,,"RAMBLA REPUBLICA DE CHILE esq. AVENIDA TOMAS BASAÑEZ","579935.6363","6137164.6544"
09/06/2016 17:35:00,"MONTEVIDEO","MONTEVIDEO","DEPARTAMENTAL","ATROPELLO DE PEATÓN","PEATÓN","PEATÓN",76,"F",1,"MOTO","CAMINO GENERAL HORNOS esq. BERNARDO DE GUZMAN","570539.8306","6143945.6885"
11/06/2016 22:45:00,"CANELONES","SAN RAMÓN","NACIONAL","COLISIÓN ENTRE VEHÍCULOS","MOTO","CONDUCTOR",28,"F",0,"AUTO","RUTA 6 km 75,000","595561.15068144","6201625.13658506"
11/06/2016 23:00:00,"DURAZNO","SARANDÍ DEL YÍ","DEPARTAMENTAL","CAÍDA","CUADRICICLO","CONDUCTOR",80,"M",0,,"Tepperino esquina Brendet Sosa","628115.14239216","6310612.26873253"
12/06/2016 02:30:00,"ARTIGAS","ARTIGAS","DEPARTAMENTAL","DESPISTE","MOTO","CONDUCTOR",21,"M",0,,"AVENIDA BALTASAR BRUM esq. JUANA DE IBARBOUROU","551919.1844","6634388.3563"
12/06/2016 02:30:00,"ARTIGAS","ARTIGAS","DEPARTAMENTAL","DESPISTE","MOTO","PASAJERO",18,"M",0,,"AVENIDA BALTASAR BRUM esq. JUANA DE IBARBOUROU","551919.1844","6634388.3563"
12/06/2016 04:55:00,"CERRO LARGO","MELO","DEPARTAMENTAL","DESPISTE","MOTO","CONDUCTOR",29,"M",0,,"RUTA 8 entre AVELLANEDA Y ALCIDES LUCAS","767300.6278467","6413870.94183974"
13/06/2016 16:50:00,"MONTEVIDEO","MONTEVIDEO","DEPARTAMENTAL","COLISIÓN ENTRE VEHÍCULOS","MOTO","CONDUCTOR",20,"M",0,"CAMION","MAESTRA JUANA MANSO esq. MANUEL ACUÑA","581004.7538","6142843.3899"
13/06/2016 19:00:00,"CANELONES","CANELONES","NACIONAL","ATROPELLO DE PEATÓN","PEATÓN","PEATÓN",70,"M",0,"CAMIONETA","RUTA 64 km 48,500","597843.85444504","6139983.55943332"
14/06/2016 18:30:00,"MONTEVIDEO","MONTEVIDEO","DEPARTAMENTAL","ATROPELLO DE PEATÓN","PEATÓN","PEATÓN",84,"M",9,"MOTO","JUAN BAUTISTA SAA esq. MARIA ORTICOCHEA","570176.7124","6145317.6583"
16/06/2016 12:45:00,"FLORIDA","CERRO COLORADO","DEPARTAMENTAL","COLISIÓN ENTRE VEHÍCULOS","BICICLETA","CONDUCTOR",66,"F",3,"CAMIONETA","RUTA 7 km 142,4000 atraviesa pueblo El Colorado","634171.48658008","6251962.2888519"
19/06/2016 00:45:00,"DURAZNO","DURAZNO","DEPARTAMENTAL","COLISIÓN ENTRE VEHÍCULOS","MOTO","PASAJERO",25,"M",1,"CAMIONETA","DOCTOR E. PENZA esq. DOCTOR RUBINO","543750.6304","6306220.5539"
19/06/2016 22:30:00,"FLORIDA","SAN RAMÓN","NACIONAL","DESPISTE","CAMIONETA","CONDUCTOR",24,"M",0,,"RUTA 6 km. 90,000","598600.06257723","6212094.84412678"
20/06/2016 10:47:00,"CANELONES","PANDO","NACIONAL","COLISIÓN ENTRE VEHÍCULOS","MOTO","CONDUCTOR",36,"M",0,"AUTO","RUTA 8 km. 38,400","602006.84","6159522.03"
22/06/2016 09:00:00,"CERRO LARGO","MELO","DEPARTAMENTAL","COLISIÓN ENTRE VEHÍCULOS","MOTO","PASAJERO",71,"F",7,"AUTO","FLORENCIO SANCHEZ esq. A. DE LA ROSA","766206.9912","6415194.907"
22/06/2016 13:45:00,"MONTEVIDEO","MONTEVIDEO","DEPARTAMENTAL","ATROPELLO DE PEATÓN","PEATÓN","PEATÓN",68,"M",4,"CAMION","ARGOS esq. CAMINO PASO DE LA ESPAÑOLA","580226.3888","6148737.8995"
22/06/2016 21:20:00,"FLORES","TRINIDAD","DEPARTAMENTAL","COLISIÓN ENTRE VEHÍCULOS","MOTO","PASAJERO",15,"M",2,"CAMIONETA","INES DURAN esq. URUGUAY","508946.2169","6291813.4391"
22/06/2016 21:50:00,"ROCHA","VALIZAS","NACIONAL","ATROPELLO DE ANIMALES","AUTO","PASAJERO",44,"F",0,,"RUTA 10 km. 265,000","790304.73","6191639.54"
23/06/2016 11:55:00,"MALDONADO","MALDONADO","DEPARTAMENTAL","COLISIÓN ENTRE VEHÍCULOS","MOTO","PASAJERO",4,"M",1,"AUTO","ARTURO SANTANA esq. ZELMAR MICHELINI","686288.0046","6134923.2659"
24/06/2016 20:10:00,"TACUAREMBO","TACUAREMBO","NACIONAL","COLISIÓN ENTRE VEHÍCULOS","MOTO","CONDUCTOR",27,"F",0,"CAMION","RUTA 5 km. 390,000","598009.88","6491219.54"
25/06/2016 03:30:00,"SALTO","SALTO","DEPARTAMENTAL","CAÍDA","MOTO","CONDUCTOR",27,"M",0,,"AVENIDA PARAGUAY esq. OSIMANI Y LERENA","408654.4237","6528190.6452"
25/06/2016 11:20:00,"MONTEVIDEO","MONTEVIDEO","NACIONAL","CAÍDA","MOTO","CONDUCTOR",20,"M",0,"CAMION","RAMBLA DOCTOR BALTASAR BRUM esq. JOSE NASAZZI","572539.7564","6140189.7729"
26/06/2016 23:50:00,"ARTIGAS","ARTIGAS","DEPARTAMENTAL","DESPISTE","AUTO","PASAJERO",21,"F",1,,"WILSON FERREIRA ALDUNATE esq. MIGUEL BARREIRO","551414.6457","6635310.3757"
27/06/2016 03:30:00,"ROCHA","N/C","NACIONAL","DESPISTE","AUTO","CONDUCTOR",41,"M",0,,"RUTA 15 km. 154,500","778399.01","6283277"
27/06/2016 09:00:00,"SAN JOSE","N/C","NACIONAL","COLISIÓN ENTRE VEHÍCULOS","MOTO","CONDUCTOR",75,"M",0,"OMNIBUS","RUTA 1 km. 48,000","537312.77","6164907.17"
29/06/2016 07:31:00,"MONTEVIDEO","MONTEVIDEO","DEPARTAMENTAL","COLISIÓN ENTRE VEHÍCULOS","MOTO","CONDUCTOR",30,"M",0,"CAMION","AVENIDA LUIS BATLLE BERRES esq. CAMINO PAURU","561355.1386","6148017.1412"
30/06/2016 04:40:00,"MALDONADO","MALDONADO","DEPARTAMENTAL","DESPISTE","MOTO","CONDUCTOR",20,"M",0,,"ITUZAINGO E/ SARANDI Y ROMAN GUERRA","686579.601","6135327.734"
30/06/2016 07:30:00,"SALTO","SALTO","DEPARTAMENTAL","DESPISTE","CAMIONETA","CONDUCTOR",29,"M",0,,"AVENIDA APOLON DE MIRBEK esq. GRITO DE ASENCIO","408554.2286","6529276.6158"
30/06/2016 13:00:00,"LAVALLEJA","MINAS","DEPARTAMENTAL","CAÍDA","MOTO","CONDUCTOR",17,"M",1,,"JOSE ELLAURI esq. CLAUDIO WILLIMAN","662120.66252899","6195276.81126738"
02/07/2016 13:47:00,"MONTEVIDEO","MONTEVIDEO","DEPARTAMENTAL","COLISIÓN ENTRE VEHÍCULOS","MOTO","CONDUCTOR",25,"M",0,"CAMION","JUAN JACOBO ROUSSEAU esq. HABANA","579069.9206","6142002.1728"
02/07/2016 23:30:00,"MONTEVIDEO","MONTEVIDEO","DEPARTAMENTAL","DESPISTE","AUTO","CONDUCTOR",18,"M",1,,"CAMINO MALDONADO esq. RAFAEL","580249.8304","6144307.8427"
04/07/2016 07:36:00,"MONTEVIDEO","MONTEVIDEO","DEPARTAMENTAL","ATROPELLO DE PEATÓN","PEATÓN","PEATÓN",40,"M",0,"CAMION","CADIZ  esq. REPUBLICA DE COREA","577285.8354","6140911.0963"
06/07/2016 13:00:00,"MONTEVIDEO","MONTEVIDEO","DEPARTAMENTAL","ATROPELLO DE PEATÓN","PEATÓN","PEATÓN",61,"F",0,"OMNIBUS","AVENIDA GENERAL EUGENIO GARZON esq. AVENIDA LEZICA","571080.0437","6148354.7835"
07/07/2016 14:00:00,"MONTEVIDEO","MONTEVIDEO","NACIONAL","ATROPELLO DE PEATÓN","PEATÓN","PEATÓN",28,"M",0,"OMNIBUS","ACCESOS A MONTEVIDEO km. 3,5000","571384.40933032","6141052.46746275"
07/07/2016 14:54:00,"CANELONES","ATLÁNTIDA","NACIONAL","COLISIÓN ENTRE VEHÍCULOS","AUTO","CONDUCTOR",53,"M",0,"CAMIONETA","RUTA 11 km. 162,800","612671.23","6155728.25"
07/07/2016 15:30:00,"FLORIDA","SARANDÍ GRANDE","NACIONAL","ATROPELLO DE PEATÓN","PEATÓN","PEATÓN",39,"M",0,"CAMION","RUTA 5 km. 141,000","562847.48","6268628.43"
07/07/2016 21:20:00,"MONTEVIDEO","MONTEVIDEO","NACIONAL","DESPISTE","CAMIONETA","PASAJERO",27,"M",0,,"RUTA 5 esq. CAMINO FAUQUET","567111.2725","6152521.4716"
08/07/2016 21:52:00,"CANELONES","COLINAS DE SOLYMAR","NACIONAL","COLISIÓN ENTRE VEHÍCULOS","MOTO","PASAJERO",24,"F",0,"MOTO","RUTA INTERBALNEARIA km. 26,500","594451.99","6147341.6"
09/07/2016 00:10:00,"SAN JOSE","LA BOYADA","NACIONAL","DESPISTE","AUTO","PASAJERO",8,"M",1,,"RUTA 1 km. 94,000","501432.3","6192530.82"
12/07/2016 22:58:00,"MONTEVIDEO","MONTEVIDEO","DEPARTAMENTAL","COLISIÓN ENTRE VEHÍCULOS","MOTO","PASAJERO",27,"M",0,"AUTO","Av. J.P.VARELA esq. Av. D.A.LARRAÑAGA","577487.369","6141690.146"
13/07/2016 00:15:00,"MONTEVIDEO","MONTEVIDEO","DEPARTAMENTAL","COLISIÓN ENTRE VEHÍCULOS","BICICLETA","CONDUCTOR",53,"M",1,"MOTO","MINAS esq. CONSTITUYENTE","574938.2153","6137051.595"
13/07/2016 18:35:00,"MONTEVIDEO","MONTEVIDEO","DEPARTAMENTAL","ATROPELLO DE PEATÓN","PEATÓN","PEATÓN",75,"F",1,"MOTO","GERONIMO PICCIOLI esq. MANUEL CALLEROS","578901.5681","6142561.8119"
14/07/2016 22:30:00,"MONTEVIDEO","MONTEVIDEO","DEPARTAMENTAL","COLISIÓN ENTRE VEHÍCULOS","MOTO","CONDUCTOR",54,"M",11,"CAMIONETA","FLORENCIA esq. CAMINO MALDONADO","581107.4951","6144909.9705"
15/07/2016 06:59:00,"MONTEVIDEO","MONTEVIDEO","NACIONAL","COLISIÓN ENTRE VEHÍCULOS","MOTO","CONDUCTOR",37,"F",0,"CAMION","RUTA 5 km. 8,900","568107.53819324","6142982.60673969"
17/07/2016 04:10:00,"CERRO LARGO","MELO","DEPARTAMENTAL","COLISIÓN ENTRE VEHÍCULOS","AUTO","PASAJERO",20,"M",4,"AUTO","CAMINO VECINAL Nro. S/N","767659.07230525","6417019.22729911"
20/07/2016 23:35:00,"PAYSANDU","SAN FELIX","DEPARTAMENTAL","ATROPELLO DE ANIMALES","MOTO","CONDUCTOR",26,"M",15,,"CAMINO A CASABLANCA esq. IGUALDAD","396229.12658536","6419662.28779356"
22/07/2016 09:25:00,"LAVALLEJA","MINAS","NACIONAL","COLISIÓN ENTRE VEHÍCULOS","AUTO","CONDUCTOR",33,"F",0,"CAMION","RUTA 8 KM 124,500","675533.08913901","6198809.01282051"
23/07/2016 06:58:00,"CANELONES","CAPITÁN J.A.ARTIGAS","DEPARTAMENTAL","ATROPELLO DE PEATÓN","PEATÓN","PEATÓN",16,"F",0,"MOTO","LOS CEIBOS esq. RUTA 8","590822.72800757","6153662.95330466"
23/07/2016 07:45:00,"LAVALLEJA","JOSÉ BATLLE Y ORDOÑEZ","DEPARTAMENTAL","DESPISTE","MOTO","CONDUCTOR",21,"M",5,,"DIECIOCHO DE JULIO esq. FRANCISCO DE LEON","672041.65","6294563.7475"
24/07/2016 01:00:00,"ARTIGAS","MONES QUINTELA","DEPARTAMENTAL","COLISIÓN CON OBSTÁCULO EN CALZADA","MOTO","CONDUCTOR",29,"M",0,,"Calpica esq. RUTA 3","436296.35957983","6639647.00876022"
24/07/2016 07:40:00,"CANELONES","CIUDAD DE LA COSTA","DEPARTAMENTAL","COLISIÓN ENTRE VEHÍCULOS","BICICLETA","CONDUCTOR",71,"M",13,"AUTO","AV.GIANNATTASIO ESQ. ARTIGAS","594904.11043931","6145871.21885192"
24/07/2016 11:50:00,"FLORIDA","SARANDÍ GRANDE","NACIONAL","ATROPELLO DE PEATÓN","PEATÓN","PEATÓN",59,"M",0,"AUTO","RUTA 5 km. 143,000","561814.05","6270318.03"
24/07/2016 20:46:00,"CANELONES","EMPALME DEL SAUCE","NACIONAL","DESPISTE","MOTO","CONDUCTOR",46,"M",0,,"RUTA 74 km. 30,000","587408.12","6157851.88"
25/07/2016 21:13:00,"MONTEVIDEO","MONTEVIDEO","DEPARTAMENTAL","ATROPELLO DE PEATÓN","PEATÓN","PEATÓN",20,"F",2,"MOTO","AVENIDA GENERAL RONDEAU esq. PANAMA","573744.0916","6138706.0336"
26/07/2016 11:45:00,"CANELONES","LA PAZ","NACIONAL","COLISIÓN ENTRE VEHÍCULOS","MOTO","CONDUCTOR",52,"M",1,"CAMION","RUTA 5 km. 20","568254.13","6154617.37"
27/07/2016 00:15:00,"RIVERA","VICHADERO","NACIONAL","DESPISTE","CAMIONETA","CONDUCTOR",52,"M",0,,"RUTA 27 km. 86,000","682819.71959235","6507404.28186422"
29/07/2016 02:49:00,"CANELONES","N/C","NACIONAL","ATROPELLO DE ANIMALES","AUTO","CONDUCTOR",53,"M",0,,"RUTA 64 km. 12,500","577793.64","6188986.73"
29/07/2016 13:25:00,"TACUAREMBO","TACUAREMBO","DEPARTAMENTAL","COLISIÓN ENTRE VEHÍCULOS","MOTO","CONDUCTOR",20,"F",0,"CAMION","DIECIOCHO DE JULIO esq. MANUEL RODRIGUÉZ CORREA","595470.5589","6489707.7543"
29/07/2016 16:41:00,"MONTEVIDEO","MONTEVIDEO","NACIONAL","COLISIÓN ENTRE VEHÍCULOS","MOTO","CONDUCTOR",21,"M",0,"CAMIONETA","RUTA 5 km. 11.800 esq. CAMINO LUIS EDUARDO PEREZ","567791.3642365","6147204.01266868"
29/07/2016 19:15:00,"TACUAREMBO","TACUAREMBO","NACIONAL","ATROPELLO DE PEATÓN","PEATÓN","PEATÓN",77,"F",1,"MOTO","RUTA 5 km. 393","600297.07","6492703.38"
29/07/2016 23:10:00,"MONTEVIDEO","MONTEVIDEO","DEPARTAMENTAL","COLISIÓN ENTRE VEHÍCULOS","MOTO","CONDUCTOR",21,"M",0,"OMNIBUS","AV. GRAL. EUGENIO GARZON esq. TANGARUPA","571155.0287","6144230.4045"
05/08/2016 19:35:00,"MONTEVIDEO","MONTEVIDEO","DEPARTAMENTAL","CAÍDA","MOTO","CONDUCTOR",48,"M",0,,"CAMINO CARRASCO esq. CAMINO PAVIA","583386.785","6140861.7666"
06/08/2016 06:55:00,"CANELONES","PANDO","DEPARTAMENTAL","COLISIÓN ENTRE VEHÍCULOS","BICICLETA","CONDUCTOR",22,"M",0,"AUTO","RUTA 8 VIEJA km. 35,500","596328.5095","6158800.0479"
06/08/2016 10:50:00,"MONTEVIDEO","MONTEVIDEO","DEPARTAMENTAL","COLISIÓN ENTRE VEHÍCULOS","MOTO","CONDUCTOR",25,"M",0,"CAMIONETA","CAMINO REPETTO esq. DOMINGO MORA","583027.3765","6148932.9311"
06/08/2016 20:50:00,"MALDONADO","GREGORIO AZNAREZ","NACIONAL","ATROPELLO DE ANIMALES","MOTO","CONDUCTOR",19,"M",0,,"RUTA 9 km. 86,000","645958.6976545","6154850.2217111"
07/08/2016 15:30:00,"DURAZNO","DURAZNO","DEPARTAMENTAL","CAÍDA","MOTO","CONDUCTOR",18,"M",0,,"WINSTON CHURCHILL esq. JOSE PEDRO VARELA","544271.22315625","6307743.77802101"
09/08/2016 06:32:00,"MONTEVIDEO","MONTEVIDEO","DEPARTAMENTAL","COLISIÓN CON OBSTÁCULO EN CALZADA","MOTO","CONDUCTOR",46,"M",0,,"AVENIDA GENERAL SAN MARTIN esq. IRMA CAMACHO","576095.6807","6147270.7142"
09/08/2016 06:45:00,"SALTO","N/C","NACIONAL","COLISIÓN ENTRE VEHÍCULOS","AUTO","CONDUCTOR",54,"M",0,"OMNIBUS","RUTA 31 km. 97,000","501236.34873003","6536732.87079439"
09/08/2016 06:45:00,"SALTO","N/C","NACIONAL","COLISIÓN ENTRE VEHÍCULOS","AUTO","PASAJERO",78,"M",0,"OMNIBUS","RUTA 31 km. 97,000","501236.34873003","6536732.87079439"
09/08/2016 13:00:00,"FLORIDA","N/C","NACIONAL","COLISIÓN ENTRE VEHÍCULOS","BICICLETA","CONDUCTOR",69,"M",1,"CAMIONETA","RUTA 77 km 20,000","553231.86767417","6192778.342624"
11/08/2016 09:04:00,"CANELONES","LAS PIEDRAS","DEPARTAMENTAL","COLISIÓN ENTRE VEHÍCULOS","MOTO","CONDUCTOR",48,"M",0,"AUTO","TORRES GARCIA esq. LUIS ALBERTO DE HERRERA","571977.2918","6157156.6586"
12/08/2016 08:20:00,"MONTEVIDEO","MONTEVIDEO","DEPARTAMENTAL","ATROPELLO DE PEATÓN","PEATÓN","PEATÓN",69,"M",0,"CAMIONETA","AVENIDA SAYAGO esq. CAMINO GENERAL MAXIMO SANTOS","572224.5252","6145583.5465"
12/08/2016 17:30:00,"MONTEVIDEO","MONTEVIDEO","NACIONAL","COLISIÓN ENTRE VEHÍCULOS","AUTO","CONDUCTOR",75,"M",0,"CAMIONETA","RUTA 5 km. 11.800 esq. CAMINO LUIS EDUARDO PEREZ","567859.34448383","6147134.1387864"
13/08/2016 18:20:00,"CANELONES","PROGRESO","DEPARTAMENTAL","COLISIÓN ENTRE VEHÍCULOS","MOTO","CONDUCTOR",27,"M",0,"MOTO","FRANSISCO DE PONGA esq. ZORRILLA DE SAN MARTIN","571411.5629","6161484.3197"
14/08/2016 10:30:00,"CANELONES","LA PAZ","DEPARTAMENTAL","CAÍDA","BICICLETA","CONDUCTOR",83,"M",1,,"JAVIER DE VIANA esq. AVENIDA CENTENARIO","571313.1097","6153300.2687"
14/08/2016 16:16:00,"MONTEVIDEO","MONTEVIDEO","NACIONAL","COLISIÓN ENTRE VEHÍCULOS","AUTO","PASAJERO",32,"F",0,"CAMION","RAMBLA SUD AMERICA esq. COLOMBIA","573498.8727","6138788.2253"
16/08/2016 06:04:00,"MONTEVIDEO","MONTEVIDEO","DEPARTAMENTAL","COLISIÓN ENTRE VEHÍCULOS","CAMIONETA","PASAJERO",31,"M",0,"CAMIONETA","EJIDO esq. GALICIA","574232.6282","6137747.3428"
16/08/2016 12:02:00,"CANELONES","CAPITÁN JUAN ANTONIO ARTIGAS","NACIONAL","ATROPELLO DE PEATÓN","PEATÓN","PEATÓN",1,"F",0,"OMNIBUS","RUTA 8 km. 26","591411.52","6153964.72"
16/08/2016 20:51:00,"CANELONES","LAS PIEDRAS","NACIONAL","DESPISTE","MOTO","CONDUCTOR",26,"M",1,,"RUTA 5 km. 26","569721.01","6160266.07"
18/08/2016 19:00:00,"FLORES","N/C","NACIONAL","COLISIÓN ENTRE VEHÍCULOS","CAMIONETA","PASAJERO",59,"F",0,"CAMION","RUTA 23 km. 201,000","510130.26","6284515.53"
21/08/2016 03:30:00,"LAVALLEJA","MINAS","DEPARTAMENTAL","DESPISTE","AUTO","PASAJERO",14,"F",0,,"AV. VARELA ESQ. INTENDENTE MALDONADO","662875.92632468","6195384.2570681"
24/08/2016 07:30:00,"ROCHA","N/C","NACIONAL","COLISIÓN ENTRE VEHÍCULOS","MOTO","PASAJERO",20,"M",0,"CAMION","RUTA 16 km. 3,200","793510.03","6205406.98"
24/08/2016 14:25:00,"CANELONES","N/C","NACIONAL","COLISIÓN ENTRE VEHÍCULOS","MOTO","CONDUCTOR",34,"M",0,"CAMIONETA","RUTA 75 km. 38,100","594146.45","6164231.64"
24/08/2016 18:15:00,"SAN JOSE","SAN JOSE","DEPARTAMENTAL","ATROPELLO DE PEATÓN","PEATÓN","PEATÓN",73,"M",10,"MOTO","MANUEL D RODRIGUEZ esq. CARLOS LARRIERA","526892.7087","6201134.5752"
25/08/2016 16:50:00,"MONTEVIDEO","MONTEVIDEO","NACIONAL","ATROPELLO DE PEATÓN","PEATÓN","PEATÓN",66,"F",0,"CAMIONETA","ACCESOS A MONTEVIDEO km 1,500","576626.0013","6134505.1803"
27/08/2016 19:35:00,"MONTEVIDEO","MONTEVIDEO","DEPARTAMENTAL","COLISIÓN ENTRE VEHÍCULOS","MOTO","CONDUCTOR",21,"M",2,"AUTO","AVENIDA JOSE BELLONI esq. RINALDI","578558.6738","6146034.514"
28/08/2016 06:00:00,"SORIANO","SANTA CATALINA","DEPARTAMENTAL","CAÍDA","MOTO","CONDUCTOR",19,"M",0,,"ANGEL CERIANI esq. GILBERTO COSTA","455034.71034459","6260986.71470492"
28/08/2016 09:26:00,"CANELONES","LAS PIEDRAS","DEPARTAMENTAL","ATROPELLO DE PEATÓN","PEATÓN","PEATÓN",39,"M",0,"CAMIONETA","MANUEL MELENDEZ esq. AVENIDA BOLIVIA","570364.02305743","6156039.16215451"
01/09/2016 05:27:00,"MONTEVIDEO","MONTEVIDEO","NACIONAL","CAÍDA","MOTO","CONDUCTOR",41,"M",0,,"RUTA 6 km. 18,500","580052.8","6152100.24"
02/09/2016 15:30:00,"CANELONES","PARQUE DEL PLATA","DEPARTAMENTAL","COLISIÓN ENTRE VEHÍCULOS","MOTO","CONDUCTOR",77,"M",8,"CAMIONETA","AV. MARIO FERREIRA esq. CENTRAL","618564.33","6152674.668"
04/09/2016 05:30:00,"TACUAREMBO","ACHAR","DEPARTAMENTAL","CAÍDA","MOTO","CONDUCTOR",29,"M",3,,"CALLE 6 esq. CALLE 20","577344.94219477","6414640.11504577"
04/09/2016 05:30:00,"SORIANO","DOLORES","DEPARTAMENTAL","COLISIÓN ENTRE VEHÍCULOS","MOTO","CONDUCTOR",35,"M",1,"CARRO","PASO MORLAN esq. UTE 35","387543.82704847","6287318.41529433"
05/09/2016 18:51:00,"PAYSANDU","N/C","NACIONAL","COLISIÓN ENTRE VEHÍCULOS","AUTO","CONDUCTOR",71,"M",0,"CAMIONETA","RUTA 3 km. 334,000","423745.15","6398297.9"
05/09/2016 20:25:00,"SAN JOSE","CIUDAD DEL PLATA","NACIONAL","COLISIÓN ENTRE VEHÍCULOS","BICICLETA","CONDUCTOR",21,"M",1,"CAMIONETA","RUTA 1 km. 29,500","552590.18","6154109.82"
06/09/2016 06:48:00,"MONTEVIDEO","MONTEVIDEO","DEPARTAMENTAL","COLISIÓN ENTRE VEHÍCULOS","AUTO","PASAJERO",46,"F",0,"AUTO","RAMBLA REPUBLICA DE MEXICO esq. COIMBRA","583551.35","6138202.6"
06/09/2016 06:48:00,"MONTEVIDEO","MONTEVIDEO","DEPARTAMENTAL","COLISIÓN ENTRE VEHÍCULOS","AUTO","CONDUCTOR",29,"M",0,"AUTO","RAMBLA REPUBLICA DE MEXICO esq. COIMBRA","583551.35","6138202.6"
06/09/2016 21:25:00,"MALDONADO","SAN CARLOS","NACIONAL","COLISIÓN ENTRE VEHÍCULOS","AUTO","CONDUCTOR",32,"M",0,"CAMION","RUTA 9 km. 138,000","690596.48","6150699.57"
06/09/2016 21:25:00,"MALDONADO","SAN CARLOS","NACIONAL","COLISIÓN ENTRE VEHÍCULOS","AUTO","PASAJERO",29,"F",0,"CAMION","RUTA 9 km. 138,000","690596.48","6150699.57"
08/09/2016 20:40:00,"MONTEVIDEO","MONTEVIDEO","DEPARTAMENTAL","COLISIÓN ENTRE VEHÍCULOS","MOTO","PASAJERO",21,"F",0,"CAMION","RUPERTO PEREZ esq. CAMAMBU","569507.6904","6141081.9418"
08/09/2016 20:40:00,"MONTEVIDEO","MONTEVIDEO","DEPARTAMENTAL","COLISIÓN ENTRE VEHÍCULOS","MOTO","CONDUCTOR",28,"M",0,"CAMION","RUPERTO PEREZ esq. CAMAMBU","569507.6904","6141081.9418"
08/09/2016 23:50:00,"MALDONADO","MALDONADO","DEPARTAMENTAL","COLISIÓN ENTRE VEHÍCULOS","CAMIONETA","CONDUCTOR",37,"M",3,"AUTO","BATLLE Y ORDOÑEZ esq. EDUARDO ACEVEDO","687011.137","6136630.488"
09/09/2016 19:20:00,"FLORIDA","N/C","NACIONAL","COLISIÓN ENTRE VEHÍCULOS","MOTO","CONDUCTOR",41,"M",0,"CAMIONETA","RUTA 6 km. 173,000","620547.15","6290338.46"
11/09/2016 15:00:00,"MONTEVIDEO","MONTEVIDEO","DEPARTAMENTAL","CAÍDA","MOTO","CONDUCTOR",33,"M",0,,"EDUARDO PAZ AGUIRRE esq. JOSE LLUPES","568053.6411","6144892.2114"
13/09/2016 19:35:00,"MONTEVIDEO","MONTEVIDEO","DEPARTAMENTAL","ATROPELLO DE PEATÓN","PEATÓN","PEATÓN",,"M",3,"AUTO","AVENIDA BRASIL esq. JOSE ELLAURI","577447.7856","6136526.4668"
15/09/2016 19:20:00,"MALDONADO","MALDONADO","DEPARTAMENTAL","DESPISTE","MOTO","CONDUCTOR",34,"M",0,,"PERIMETRAL NUEVA A 300 MTS CALLE  ZITARROSA","687258.11008661","6138081.45042605"
16/09/2016 17:00:00,"RIVERA","RIVERA","DEPARTAMENTAL","COLISIÓN ENTRE VEHÍCULOS","MOTO","CONDUCTOR",19,"M",3,"CAMIÓN","AVENIDA MANUEL ORIBE esq. GENERAL JOSE G. ARTIGAS","640366.4992","6579932.1072"
16/09/2016 17:30:00,"CERRO LARGO","BUENA VISTA","NACIONAL","DESPISTE","AUTO","PASAJERO",39,"M",1,,"RUTA 8 km. 437,000","769338.56","6451997.54"
16/09/2016 17:30:00,"CERRO LARGO","BUENA VISTA","NACIONAL","DESPISTE","AUTO","PASAJERO",39,"M",0,,"RUTA 8 km. 437,000","769338.56","6451997.54"
17/09/2016 08:00:00,"FLORIDA","N/C","DEPARTAMENTAL","CAÍDA","MOTO","CONDUCTOR",39,"M",0,,"CAMINO CORTADA SAN RAMON","593840.19889084","6214346.17206388"
17/09/2016 14:28:00,"MONTEVIDEO","MONTEVIDEO","NACIONAL","DESPISTE","MOTO","CONDUCTOR",19,"M",0,,"RUTA 1 km. 11,000","565483.05","6142973.11"
17/09/2016 22:40:00,"MONTEVIDEO","MONTEVIDEO","NACIONAL","ATROPELLO DE PEATÓN","PEATÓN","PEATÓN",58,"F",0,"OMNIBUS","RUTA DE ACCESO km. 2,00","571307.68001019","6141129.2129318"
17/09/2016 22:40:00,"MONTEVIDEO","MONTEVIDEO","NACIONAL","ATROPELLO DE PEATÓN","PEATÓN","PEATÓN",28,"F",0,"OMNIBUS","RUTA DE ACCESO km. 2,00","571307.68001019","6141129.2129318"
17/09/2016 23:15:00,"MONTEVIDEO","MONTEVIDEO","DEPARTAMENTAL","COLISIÓN ENTRE VEHÍCULOS","MOTO","PASAJERO",9,"M",0,"AUTO","AVENIDA GENERAL SAN MARTIN esq. BOULEVARD APARICIO SARAVIA","576042.8541","6144885.678"
17/09/2016 23:15:00,"MONTEVIDEO","MONTEVIDEO","DEPARTAMENTAL","COLISIÓN ENTRE VEHÍCULOS","MOTO","CONDUCTOR",48,"M",0,"AUTO","AVENIDA GENERAL SAN MARTIN esq. BOULEVARD APARICIO SARAVIA","576042.8541","6144885.678"
20/09/2016 16:10:00,"MONTEVIDEO","MONTEVIDEO","DEPARTAMENTAL","ATROPELLO DE PEATÓN","PEATÓN","PEATÓN",93,"M",0,"AUTO","CAMINO MALDONADO esq. CAMINO GEMINIS","581216.499","6145000.6054"
21/09/2016 14:10:00,"CANELONES","COSTA DE ORO","DEPARTAMENTAL","COLISIÓN ENTRE VEHÍCULOS","CUADRICICLO","CONDUCTOR",87,"M",1,"CAMIONETA","AVDA GIANNATTASIO Y AVDA CENTRAL","598013.21923924","6148067.87634424"
21/09/2016 17:10:00,"CANELONES","LA PAZ","DEPARTAMENTAL","COLISIÓN ENTRE VEHÍCULOS","MOTO","CONDUCTOR",36,"M",1,"CAMIONETA","DANTON esq. VALDENEGRO","570806.2707","6155439.5873"
22/09/2016 11:31:00,"MONTEVIDEO","MONTEVIDEO","DEPARTAMENTAL","COLISIÓN ENTRE VEHÍCULOS","BICICLETA","CONDUCTOR",20,"F",0,"CAMION","PLACIDO ELLAURI esq. JULIO CESAR","578549.0272","6137240.5502"
23/09/2016 20:48:00,"MONTEVIDEO","MONTEVIDEO","DEPARTAMENTAL","COLISIÓN ENTRE VEHÍCULOS","MOTO","CONDUCTOR",25,"M",0,"AUTO","COOPER esq. COSTA RICA","585225.9439","6139955.4769"
24/09/2016 00:13:00,"MONTEVIDEO","MONTEVIDEO","DEPARTAMENTAL","DESPISTE","MOTO","CONDUCTOR",28,"M",0,,"MARIANO ESTAPE esq. JOSE MARIA GUERRA","578413.7031","6144067.7961"
24/09/2016 06:10:00,"CANELONES","PARQUE DEL PLATA","NACIONAL","COLISIÓN ENTRE VEHÍCULOS","CAMIONETA","CONDUCTOR",27,"F",0,"CAMIÓN","RUTA INTERBALNEARIA km. 50","616990.32","6153475.75"
24/09/2016 13:00:00,"ARTIGAS","N/C","NACIONAL","DESPISTE","AUTO","CONDUCTOR",61,"M",1,,"RUTA 30 km. 103","526097.41","6633838.86"
28/09/2016 21:45:00,"TACUAREMBO","N/C","NACIONAL","COLISIÓN ENTRE VEHÍCULOS","MOTO","CONDUCTOR",61,"M",0,"OMNIBUS","RUTA 5 km. 360,600","597367.60672232","6480635.24203114"
30/09/2016 17:15:00,"MALDONADO","MALDONADO","DEPARTAMENTAL","ATROPELLO DE PEATÓN","PEATÓN","PEATÓN",5,"M",0,"MOTO","ALBERTO CL CARACARA esq. BARTOLOME HOWEL","688564.7416","6136387.1071"
30/09/2016 18:03:00,"CANELONES","PANDO","NACIONAL","COLISIÓN ENTRE VEHÍCULOS","MOTO","CONDUCTOR",40,"F",0,"CAMIÓN","RUTA 101 km. 23,200","590843.95","6147359.02"
30/09/2016 21:15:00,"SALTO","SALTO","DEPARTAMENTAL","COLISIÓN ENTRE VEHÍCULOS","MOTO","CONDUCTOR",22,"M",0,"BICICLETA","RUTA 3 km 3,500","421961.72324384","6562027.8532622"
02/10/2016 03:11:00,"SORIANO","DOLORES","NACIONAL","COLISIÓN ENTRE VEHÍCULOS","AUTO","CONDUCTOR",54,"M",0,"OMNIBUS","RUTA 21 km. 327,000","391164.37","6293757.26"
02/10/2016 21:30:00,"MONTEVIDEO","MONTEVIDEO","DEPARTAMENTAL","COLISIÓN ENTRE VEHÍCULOS","AUTO","CONDUCTOR",87,"M",1,"AUTO","RAMBLA REPUBLICA DE MEXICO esq. SEIS DE ABRIL","585641.1574","6137937.2154"
03/10/2016 08:30:00,"CANELONES","CANELONES","NACIONAL","COLISIÓN ENTRE VEHÍCULOS","MOTO","CONDUCTOR",23,"M",0,"CAMIONETA","RUTA 11 km. 110,000","576474.77","6180271.1"
08/10/2016 08:40:00,"SAN JOSE","N/C","NACIONAL","DESPISTE","AUTO","PASAJERO",56,"F",0,,"RUTA 3 km. 127,500","527693.56","6234040.73"
08/10/2016 17:38:00,"CANELONES","CIUDAD DE LA COSTA","NACIONAL","COLISIÓN ENTRE VEHÍCULOS","AUTO","PASAJERO",24,"M",0,"AUTO","RUTA INTERBALNEARIA km. 22,000","591243.91","6145674.79"
08/10/2016 17:40:00,"SALTO","SALTO","DEPARTAMENTAL","COLISIÓN ENTRE VEHÍCULOS","MOTO","CONDUCTOR",50,"F",0,"CAMIONETA","FRANCISCO ACUÑA DE FIGUEROA esq. COLON","407436.7787","6526243.8319"
09/10/2016 18:40:00,"MONTEVIDEO","MONTEVIDEO","DEPARTAMENTAL","ATROPELLO DE PEATÓN","PEATÓN","PEATÓN",1,"M",1,"CAMIONETA","DIEGO RODRIGUEZ MENDEZ esq. CABILDO","566979.0996","6142070.9352"
10/10/2016 03:00:00,"CANELONES","SUAREZ","NACIONAL","COLISIÓN ENTRE VEHÍCULOS","AUTO","CONDUCTOR",58,"M",0,"CAMIÓN","RUTA 7 km. 96,000","616028.05","6213130.06"
10/10/2016 08:15:00,"CANELONES","LAS PIEDRAS","NACIONAL","COLISIÓN ENTRE VEHÍCULOS","AUTO","CONDUCTOR",24,"M",0,"CAMION","RUTA 67 km. 25,200","573044.34","6159446.26"
10/10/2016 08:15:00,"CANELONES","LAS PIEDRAS","NACIONAL","COLISIÓN ENTRE VEHÍCULOS","AUTO","CONDUCTOR",25,"M",1,"CAMION","RUTA 67 km. 25,200","573044.34","6159446.26"
12/10/2016 07:20:00,"CANELONES","JUANICO","DEPARTAMENTAL","COLISIÓN ENTRE VEHÍCULOS","MOTO","PASAJERO",45,"F",1,"OMNIBUS","PERU ESQ J ESPINO","568496.21241642","6171642.03654473"
14/10/2016 07:40:00,"MONTEVIDEO","MONTEVIDEO","NACIONAL","COLISIÓN ENTRE VEHÍCULOS","MOTO","CONDUCTOR",,"M",1,"CAMION","RUTA 5 km 11,900 esq. Camino Luis Eduardo Perez","567783.08819731","6147210.49929779"
14/10/2016 15:30:00,"FLORIDA","FRAY MARCOS","DEPARTAMENTAL","CAÍDA","MOTO","CONDUCTOR",71,"M",1,,"PRESBITERO LUIS BETTINI esq. paralela a Zufriategui","616058.8534851","6214472.37480734"
14/10/2016 18:00:00,"COLONIA","COLONIA DEL SACRAMENTO","DEPARTAMENTAL","COLISIÓN ENTRE VEHÍCULOS","MOTO","CONDUCTOR",37,"F",1,,"JOSE ROGER BALLET esq. ANDRES REBUFAT","421462.6722","6188838.3446"
15/10/2016 06:15:00,"COLONIA","COLONIA COSMOPOLITA","DEPARTAMENTAL","COLISIÓN ENTRE VEHÍCULOS","BICICLETA","CONDUCTOR",60,"M",0,"CAMIONETA","CAMINO COSMOPOLITA esq. PEDRO BOUNOUS","463057.16518477","6195186.56071711"
17/10/2016 09:25:00,"CANELONES","TOTORAL DEL SAUCE","NACIONAL","COLISIÓN ENTRE VEHÍCULOS","MOTO","CONDUCTOR",54,"M",0,"AUTO","RUTA 7 km. 30,500","588526.84","6160360.03"
17/10/2016 10:30:00,"MONTEVIDEO","MONTEVIDEO","DEPARTAMENTAL","COLISIÓN ENTRE VEHÍCULOS","MOTO","CONDUCTOR",50,"M",1,"OMNIBUS","AVENIDA GENERAL EUGENIO GARZON esq. BESNES E IRIGOYEN","571025.1827","6148525.4628"
17/10/2016 16:04:00,"MONTEVIDEO","MONTEVIDEO","DEPARTAMENTAL","ATROPELLO DE PEATÓN","PEATÓN","PEATÓN",77,"F",1,"MOTO","CAMINO MOLINOS DE RAFFO esq. MARIA ORTICOCHEA","572115.1955","6143890.0697"
19/10/2016 10:40:00,"MONTEVIDEO","MONTEVIDEO","NACIONAL","COLISIÓN ENTRE VEHÍCULOS","CAMIONETA","PASAJERO",46,"M",1,"CAMION","RUTA 5 km. 13,300","567313.05","6148765.03"
19/10/2016 14:05:00,"CANELONES","COLONIA NICOLICH","NACIONAL","COLISIÓN ENTRE VEHÍCULOS","AUTO","CONDUCTOR",31,"M",0,"CAMION","RUTA 102 km. 24,150","588726.45","6146957.55"
20/10/2016 00:00:00,"CANELONES","VILLA CASTELLANA","NACIONAL","ATROPELLO DE PEATÓN","PEATÓN","PEATÓN",93,"M",3,"CAMIONETA","RUTA 8 km. 28,200","593152.09","6155344.19"
20/10/2016 09:06:00,"MONTEVIDEO","MONTEVIDEO","DEPARTAMENTAL","ATROPELLO DE PEATÓN","PEATÓN","PEATÓN",90,"M",2,"AUTO","MANUEL HERRERA Y OBES esq. PILAR COSTA","571365.7834","6141974.6293"
21/10/2016 12:05:00,"SALTO","N/C","NACIONAL","COLISIÓN ENTRE VEHÍCULOS","BICICLETA","CONDUCTOR",64,"M",0,"CAMIONETA","BY PASS SALTO GRANDE km. 2","417181.23384958","6532017.95729657"
21/10/2016 21:00:00,"FLORIDA","SARANDÍ GRANDE","NACIONAL","COLISIÓN ENTRE VEHÍCULOS","AUTO","CONDUCTOR",78,"M",0,"CAMION","RUTA 5 km. 141,000","562847.48","6268628.43"
23/10/2016 02:40:00,"SAN JOSE","CIUDAD DEL PLATA","DEPARTAMENTAL","CAÍDA","MOTO","PASAJERO",17,"F",1,,"RUTA 1 vieja km 22,500 Ciclovía del peaje","558976.22368956","6151116.41424348"
23/10/2016 02:40:00,"SAN JOSE","CIUDAD DEL PLATA","DEPARTAMENTAL","CAÍDA","MOTO","CONDUCTOR",19,"M",4,,"RUTA 1 vieja km 22,500 Ciclovía del peaje","558976.22368956","6151116.41424348"
23/10/2016 11:30:00,"SALTO","SALTO","NACIONAL","COLISIÓN ENTRE VEHÍCULOS","MOTO","CONDUCTOR",35,"F",0,"AUTO","RUTA 3 Y ACCESO A SALTO GRANDE","417785.27880767","6531270.507885"
23/10/2016 21:30:00,"LAVALLEJA","ESTACIÓN SOLÍS","DEPARTAMENTAL","DESPISTE","AUTO","CONDUCTOR",44,"M",0,,"CAMINO A ESTACION SOLIS ESQ. CAMINO LAS PORTERAS","642551.12208935","6195781.37753785"
24/10/2016 03:20:00,"MALDONADO","PUNTA DEL ESTE","DEPARTAMENTAL","COLISIÓN ENTRE VEHÍCULOS","BICICLETA","CONDUCTOR",48,"M",0,"CAMIONETA","GENERAL APARICIO SARAVIA esq. PASO DE LA CADENA","688828.8614","6134528.8878"
24/10/2016 20:30:00,"MONTEVIDEO","MONTEVIDEO","DEPARTAMENTAL","ATROPELLO DE PEATÓN","PEATÓN","PEATÓN",8,"F",1,"MOTO","CAMINO MALDONADO esq. FLORENCIA","581107.4951","6144909.9705"
28/10/2016 13:27:00,"CANELONES","N/C","NACIONAL","ATROPELLO DE PEATÓN","PEATÓN","PEATÓN",66,"F",0,"AUTO","RUTA INTERBALNEARIA km. 65","631179.6","6150897.42"
29/10/2016 12:11:00,"MONTEVIDEO","MONTEVIDEO","DEPARTAMENTAL","COLISIÓN ENTRE VEHÍCULOS","MOTO","PASAJERO",8,"M",0,"OMNIBUS","CARAMURU esq. CIUDAD DE GUAYAQUIL","584327.8248","6138457.6567"
29/10/2016 12:11:00,"MONTEVIDEO","MONTEVIDEO","DEPARTAMENTAL","COLISIÓN ENTRE VEHÍCULOS","MOTO","CONDUCTOR",39,"M",1,"OMNIBUS","CARAMURU esq. CIUDAD DE GUAYAQUIL","584327.8248","6138457.6567"
29/10/2016 13:20:00,"MONTEVIDEO","MONTEVIDEO","DEPARTAMENTAL","COLISIÓN ENTRE VEHÍCULOS","MOTO","CONDUCTOR",57,"M",19,"AUTO","AVENIDA JOSE BELLONI esq. CAMINO BOISO LANZA","578889.2025","6147852.7112"
29/10/2016 19:50:00,"COLONIA","COLONIA DEL SACRAMENTO","DEPARTAMENTAL","ATROPELLO DE PEATÓN","PEATÓN","PEATÓN",76,"M",6,"MOTO","CORONEL LORENZO LATORRE esq. SANTIAGO GADEA","422228.9906","6188279.5964"
29/10/2016 21:00:00,"MONTEVIDEO","MONTEVIDEO","DEPARTAMENTAL","ATROPELLO DE PEATÓN","PEATÓN","PEATÓN",55,"M",2,"MOTO","AVENIDA GENERAL SAN MARTIN esq. CHIMBORAZO","575868.5449","6143483.1132"
30/10/2016 05:00:00,"FLORIDA","FRAY MARCOS","NACIONAL","COLISIÓN ENTRE VEHÍCULOS","MOTO","CONDUCTOR",63,"M",0,"CAMIONETA","RUTA 94 km. 102","613314.05","6214088.14"
30/10/2016 14:13:00,"MONTEVIDEO","MONTEVIDEO","DEPARTAMENTAL","CAÍDA","MOTO","PASAJERO",25,"F",0,,"VERACIERTO esq. PEDRO SAENZ DE ZUMARAN","579812.3121","6142451.6445"
30/10/2016 15:50:00,"DURAZNO","N/C","NACIONAL","COLISIÓN ENTRE VEHÍCULOS","AUTO","CONDUCTOR",40,"M",0,"CAMIONETA","RUTA 5 km. 234,5","549389.44","6354893.57"
30/10/2016 15:50:00,"DURAZNO","N/C","NACIONAL","COLISIÓN ENTRE VEHÍCULOS","AUTO","CONDUCTOR",68,"F",0,"CAMIONETA","RUTA 5 km. 234,5","549389.44","6354893.57"
02/11/2016 03:27:00,"PAYSANDU","PAYSANDU","DEPARTAMENTAL","DESPISTE","AUTO","PASAJERO",17,"F",0,,"BALDOMIRO VIDAL esq. JUAN CARLOS HENDERSON","397288.5028","6425554.5293"
02/11/2016 18:40:00,"TACUAREMBO","N/C","NACIONAL","DESPISTE","AUTO","PASAJERO",30,"F",0,,"RUTA 5 km. 261","546594.65","6380044.21"
04/11/2016 17:00:00,"MALDONADO","MALDONADO","DEPARTAMENTAL","COLISIÓN ENTRE VEHÍCULOS","MOTO","CONDUCTOR",39,"M",0,"AUTO","AVENIDA APARICIO SARAVIA esq. Vaimaca Perú","687978.1573","6134818.3971"
06/11/2016 03:20:00,"COLONIA","NUEVA HELVECIA","DEPARTAMENTAL","COLISIÓN ENTRE VEHÍCULOS","MOTO","CONDUCTOR",34,"M",0,"CAMIONETA","G. IMHOF sq. UTE 5 (Barrio Fraccionamiento Prado)","479160.4256","6204854.5639"
06/11/2016 11:45:00,"FLORES","N/C","NACIONAL","DESPISTE","AUTO","PASAJERO",40,"F",1,,"RUTA 3 km. 174,000","522520.53566568","6245973.43365335"
06/11/2016 13:10:00,"CERRO LARGO","MELO","DEPARTAMENTAL","CAÍDA","MOTO","PASAJERO",68,"F",1,,"ESPAÑA esq. CONVENTOS","764996.2803","6415171.5918"
08/11/2016 23:25:00,"CERRO LARGO","MELO","DEPARTAMENTAL","COLISIÓN ENTRE VEHÍCULOS","MOTO","CONDUCTOR",19,"M",2,"AUTO","AVENIDA BRASIL esq. MANUEL A. LESTIDO","766224.5092","6415616.9549"
09/11/2016 14:21:00,"MONTEVIDEO","MONTEVIDEO","DEPARTAMENTAL","ATROPELLO DE PEATÓN","PEATÓN","PEATÓN",66,"F",4,"CAMIONETA","ISIDRO FYNN esq. VICUÑA MACKENNA","571622.6567","6147549.1143"
09/11/2016 23:15:00,"SALTO","SALTO","DEPARTAMENTAL","COLISIÓN ENTRE VEHÍCULOS","MOTO","CONDUCTOR",21,"M",1,"AUTO","JOSE PEDRO VARELA esq. RINCON","408422.2285","6526618.4781"
10/11/2016 21:01:00,"CANELONES","COSTA DE ORO","NACIONAL","COLISIÓN ENTRE VEHÍCULOS","BICICLETA","CONDUCTOR",47,"M",0,"AUTO","RUTA INTERBALNEARIA km. 34,700","602029.45","6150421.04"
11/11/2016 15:20:00,"ARTIGAS","BELLA UNIÓN","DEPARTAMENTAL","COLISIÓN ENTRE VEHÍCULOS","BICICLETA","CONDUCTOR",78,"M",1,"AUTO","RUTA 3 km. 635,500 esq. Gral. Rivera (atraviesa la ciudad)","443083.50269151","6652531.37175909"
11/11/2016 22:30:00,"CANELONES","CIUDAD DE LA COSTA","NACIONAL","ATROPELLO DE PEATÓN","PEATÓN","PEATÓN",53,"M",0,"AUTO","Av de las AMÉRICAS esq. ORIBE","588686.11405207","6140599.22040456"
12/11/2016 17:00:00,"ROCHA","N/C","NACIONAL","DESPISTE","CAMIONETA","PASAJERO",75,"M",0,,"RUTA 15 km. 98,800","747937.86","6242813.58"
12/11/2016 17:00:00,"ROCHA","N/C","NACIONAL","DESPISTE","CAMIONETA","PASAJERO",54,"F",1,,"RUTA 15 km. 98,800","747937.86","6242813.58"
12/11/2016 17:00:00,"ROCHA","N/C","NACIONAL","DESPISTE","CAMIONETA","PASAJERO",57,"F",0,,"RUTA 15 km. 98,800","747937.86","6242813.58"
13/11/2016 08:00:00,"TACUAREMBO","N/C","DEPARTAMENTAL","DESPISTE","AUTO","PASAJERO",26,"M",0,,"GUTIERREZ RUIZ (Entrada Balneario Iporá)","597259.1652095","6496007.79204527"
15/11/2016 14:01:00,"MONTEVIDEO","MONTEVIDEO","DEPARTAMENTAL","COLISIÓN ENTRE VEHÍCULOS","MOTO","CONDUCTOR",29,"M",0,"CAMIONETA","AVENIDA ITALIA esq. ALTO PERU","580039.7206","6139128.3873"
15/11/2016 15:55:00,"MONTEVIDEO","MONTEVIDEO","DEPARTAMENTAL","ATROPELLO DE PEATÓN","PEATÓN","PEATÓN",14,"M",0,"OMNIBUS","AVENIDA GENERAL EUGENIO GARZON esq. CAMINO EDISON","571317.1385","6146679.5227"
16/11/2016 08:00:00,"SAN JOSE","CIUDAD DEL PLATA","DEPARTAMENTAL","COLISIÓN ENTRE VEHÍCULOS","MOTO","CONDUCTOR",22,"F",0,"CAMIONETA","RUTA 1 vieja esq. RIVERA","555752.68845183","6152496.57845201"
16/11/2016 11:30:00,"FLORIDA","SARANDI GRANDE","NACIONAL","COLISIÓN ENTRE VEHÍCULOS","CUADRICICLO","CONDUCTOR",70,"M",0,"CAMION","RUTA 5 km. 139,500","562861.57","6267144.6"
17/11/2016 06:30:00,"CERRO LARGO","N/C","NACIONAL","DESPISTE","AUTO","CONDUCTOR",33,"M",0,,"RUTA 26 km. 419,000","756873.44526875","6414532.24618809"
17/11/2016 19:08:00,"SAN JOSE","SAN JOSE","NACIONAL","COLISIÓN ENTRE VEHÍCULOS","MOTO","CONDUCTOR",25,"M",0,"CAMIONETA","RUTA 3 km. 91,500","524797.53","6200156.74"
18/11/2016 13:00:00,"CERRO LARGO","N/C","NACIONAL","COLISIÓN ENTRE VEHÍCULOS","MOTO","CONDUCTOR",26,"M",0,"OMNIBUS","Ruta 38 a km 26,500 de RUTA 7","684242.29308881","6379389.47600001"
18/11/2016 17:00:00,"MONTEVIDEO","MONTEVIDEO","DEPARTAMENTAL","ATROPELLO DE PEATÓN","PEATÓN","PEATÓN",46,"F",0,"OMNIBUS","Av. Gral. EUGENIO GARZON esq. BESNES E IRIGOYEN","571025.1827","6148525.4628"
19/11/2016 15:10:00,"MONTEVIDEO","MONTEVIDEO","DEPARTAMENTAL","COLISIÓN ENTRE VEHÍCULOS","MOTO","CONDUCTOR",50,"M",1,"OMNIBUS","AVENIDA GENERAL EUGENIO GARZON esq. CAMINO EDISON","571317.1385","6146679.5227"
19/11/2016 22:50:00,"ARTIGAS","N/C","NACIONAL","DESPISTE","AUTO","CONDUCTOR",37,"M",0,,"RUTA 4 km 188,300","542235.80021943","6624293.92361753"
21/11/2016 04:55:00,"COLONIA","N/C","NACIONAL","COLISIÓN ENTRE VEHÍCULOS","CAMIONETA","CONDUCTOR",40,"M",0,"OMNIBUS","RUTA 2 km 158,500","465836.24","6227860.41"
24/11/2016 08:15:00,"MONTEVIDEO","MONTEVIDEO","DEPARTAMENTAL","COLISIÓN ENTRE VEHÍCULOS","MOTO","CONDUCTOR",23,"M",0,"OMNIBUS","VERACIERTO esq. CAPITAN VILLADEMOROS","580311.2864","6141546.9105"
24/11/2016 20:40:00,"TACUAREMBO","N/C","NACIONAL","COLISIÓN ENTRE VEHÍCULOS","MOTO","PASAJERO",52,"F",1,"CAMION","RUTA 26 km. 346,500","686645.516","6439953.418"
26/11/2016 03:35:00,"MONTEVIDEO","MONTEVIDEO","NACIONAL","DESPISTE","AUTO","CONDUCTOR",43,"F",0,,"RUTA 5 km. 18,500","567562.33","6153319.29"
26/11/2016 07:10:00,"FLORIDA","N/C","NACIONAL","COLISIÓN ENTRE VEHÍCULOS","CAMIONETA","CONDUCTOR",70,"M",0,"CAMION","RUTA 5 km. 84,000","573838.47","6215921.19"
26/11/2016 13:00:00,"COLONIA","N/C","NACIONAL","DESPISTE","AUTO","CONDUCTOR",59,"M",0,,"RUTA 12 km. 93,000","452088.44","6247145.93"
27/11/2016 08:20:00,"CERRO LARGO","N/C","NACIONAL","DESPISTE","AUTO","CONDUCTOR",52,"M",1,,"RUTA 8 km 381,500","772244.34096791","6403894.27823329"
27/11/2016 23:00:00,"DURAZNO","N/C","NACIONAL","CAÍDA","MOTO","CONDUCTOR",16,"M",0,,"RUTA 5 km. 219,100","550213.34","6339635.23"
28/11/2016 05:53:00,"MONTEVIDEO","MONTEVIDEO","DEPARTAMENTAL","ATROPELLO DE PEATÓN","PEATÓN","PEATÓN",60,"F",7,"MOTO","AVENIDA BURGUES Esq. FRANCISCO PLA","575091.124","6143282.2444"
29/11/2016 10:37:00,"MONTEVIDEO","MONTEVIDEO","DEPARTAMENTAL","CAÍDA","MOTO","CONDUCTOR",51,"M",7,,"DOCTOR JOSE MARIA SILVA Esq. COSTANERA MARIA ABELLA DE RAMIREZ","574426.9685","6144173.4227"
29/11/2016 15:50:00,"TACUAREMBO","N/C","NACIONAL","COLISIÓN ENTRE VEHÍCULOS","MOTO","CONDUCTOR",70,"M",0,"AUTO","RUTA 26 km. 247,000","608906.75","6490649.15"
29/11/2016 22:00:00,"ARTIGAS","ARTIGAS","DEPARTAMENTAL","CAÍDA","MOTO","PASAJERO",15,"F",1,,"GENERAL EUGENIO GARZON esq. GENERAL RONDEAU","550355.6268","6635775.4374"
30/11/2016 05:00:00,"SALTO","SALTO","DEPARTAMENTAL","ATROPELLO DE PEATÓN","PEATÓN","PEATÓN",60,"M",0,"CAMION","AVENIDA JOSE ENRIQUE RODO esq. DIEGO LAMAS","410843.5772","6527395.8458"
01/12/2016 06:50:00,"MALDONADO","N/C","NACIONAL","COLISIÓN ENTRE VEHÍCULOS","CAMIONETA","PASAJERO",40,"M",0,"AUTO","RUTA 9 km. 142,000","693847.05","6148891.74"
02/12/2016 13:46:00,"SAN JOSE","JUAN SOLLER","NACIONAL","COLISIÓN ENTRE VEHÍCULOS","AUTO","CONDUCTOR",30,"M",0,"CAMION","RUTA 11 km. 40,500","518598.31","6201608.91"
02/12/2016 14:05:00,"COLONIA","NUEVA PALMIRA","NACIONAL","COLISIÓN ENTRE VEHÍCULOS","CAMIONETA","CONDUCTOR",70,"M",0,"CAMION","RUTA 12 km. 10,000","379817.59","6252138.8"
02/12/2016 21:30:00,"MONTEVIDEO","MONTEVIDEO","DEPARTAMENTAL","ATROPELLO DE PEATÓN","PEATÓN","PEATÓN",60,"M",0,"MOTO","AV. PEDRO DE MENDOZA esq. CMNO. CARLOS LOPEZ","576774.2096","6147885.6331"
03/12/2016 20:20:00,"MONTEVIDEO","MONTEVIDEO","DEPARTAMENTAL","COLISIÓN ENTRE VEHÍCULOS","BICICLETA","CONDUCTOR",71,"M",1,"MOTO","CAMINO MANUEL FORTET esq. CAMINO CARLOS LOPEZ","572221.108","6148862.8657"
04/12/2016 21:15:00,"RIO NEGRO","YOUNG","NACIONAL","ATROPELLO DE PEATÓN","PEATÓN","PEATÓN",44,"M",0,"CAMIONETA","RUTA 25 km. 26,000","437900.39","6379962.83"
04/12/2016 21:15:00,"COLONIA","COLONIA DEL SACRAMENTO","DEPARTAMENTAL","COLISIÓN ENTRE VEHÍCULOS","MOTO","CONDUCTOR",65,"M",1,"AUTO","EUGENIO ARAUS esq. DOMINGO BAQUE","422765.2081","6186576.5728"
05/12/2016 02:45:00,"DURAZNO","N/C","NACIONAL","COLISIÓN ENTRE VEHÍCULOS","MOTO","CONDUCTOR",42,"M",0,"CAMION","RUTA 14 Km 219,000","586418.89977897","6318272.2917887"
06/12/2016 18:50:00,"CANELONES","JAUREGUIBERRY","NACIONAL","COLISIÓN ENTRE VEHÍCULOS","MOTO","CONDUCTOR",16,"M",15,"CAMIONETA","RUTA INTERBALNEARIA km. 77,500","643574.95","6150285.98"
07/12/2016 04:30:00,"MONTEVIDEO","MONTEVIDEO","DEPARTAMENTAL","COLISIÓN ENTRE VEHÍCULOS","MOTO","CONDUCTOR",23,"M",9,"AUTO","GERONIMO PICCIOLI esq. VIRREY ELIO","578789.4462","6142649.9538"
07/12/2016 23:30:00,"MALDONADO","MALDONADO","DEPARTAMENTAL","ATROPELLO DE PEATÓN","PEATÓN","PEATÓN",23,"F",1,"MOTO","LOPEZ FORMOSO esq. LUSSICH","684233.9667716","6137614.99140938"
08/12/2016 04:45:00,"PAYSANDU","PAYSANDU","DEPARTAMENTAL","CAÍDA","MOTO","CONDUCTOR",18,"M",0,,"DOCTOR ROLDAN esq. ECUADOR","398722.6664","6428490.0766"
08/12/2016 13:45:00,"MONTEVIDEO","MONTEVIDEO","DEPARTAMENTAL","ATROPELLO DE PEATÓN","PEATÓN","PEATÓN",84,"M",1,"AUTO","BOULEVARD GENERAL ARTIGAS esq. FRANCISCO CANARO","576324.9241","6137851.4137"
08/12/2016 16:30:00,"CANELONES","CIUDAD DE LA COSTA","NACIONAL","DESPISTE","AUTO","CONDUCTOR",24,"M",1,,"RUTA 101 Y 102","590664.93300076","6146377.95831721"
09/12/2016 06:30:00,"MALDONADO","MALDONADO","DEPARTAMENTAL","COLISIÓN ENTRE VEHÍCULOS","MOTO","CONDUCTOR",40,"M",1,"MOTO","AVENIDA APARICIO SARAVIA esq. Vaimaca Perú","687978.1573","6134818.3971"
09/12/2016 08:56:00,"CANELONES","CANELONES","DEPARTAMENTAL","ATROPELLO DE PEATÓN","PEATÓN","PEATÓN",82,"M",0,"CAMION","Santa María esq. RUTA 101 km. 21,800","590588.6","6146057.6"
09/12/2016 13:30:00,"FLORES","TRINIDAD","DEPARTAMENTAL","COLISIÓN ENTRE VEHÍCULOS","MOTO","CONDUCTOR",20,"M",1,"CAMIONETA","INES DURAN esq. JOSE PEDRO VARELA","510253.5129","6291756.0385"
10/12/2016 21:38:00,"SORIANO","MERCEDES","DEPARTAMENTAL","DESPISTE","MOTO","CONDUCTOR",57,"M",0,,"DIECIOCHO DE JULIO esq. TREINTA Y TRES","404177.5569","6319237.3034"
10/12/2016 21:50:00,"CANELONES","ATLANTIDA","NACIONAL","COLISIÓN ENTRE VEHÍCULOS","MOTO","CONDUCTOR",58,"M",1,"AUTO","RUTA 11 km. 162500","612740.41","6155616.21"
11/12/2016 04:55:00,"CANELONES","CIUDAD DE LA COSTA","DEPARTAMENTAL","DESPISTE","CAMIONETA","CONDUCTOR",47,"M",17,,"CAMINO CARRASCO Esq. AVENIDA WILSON FERREIRA ALDUNATE","586833.9581","6142114.0554"
11/12/2016 08:30:00,"CANELONES","MIGUES","NACIONAL","DESPISTE","MOTO","CONDUCTOR",19,"M",0,,"RUTA 81 km 91,400","626159.86584","6183155.73797046"
13/12/2016 18:20:00,"MONTEVIDEO","MONTEVIDEO","DEPARTAMENTAL","COLISIÓN ENTRE VEHÍCULOS","AUTO","PASAJERO",86,"M",24,"AUTO","HABANA Esq. JUAN JACOBO ROUSSEAU","579069.9206","6142002.1728"
14/12/2016 01:14:00,"SORIANO","DOLORES","DEPARTAMENTAL","COLISIÓN ENTRE VEHÍCULOS","MOTO","CONDUCTOR",19,"M",0,"CAMION","Botinelli esq. Guelman","386844.1159","6288634.9066"
15/12/2016 06:39:00,"MONTEVIDEO","MONTEVIDEO","DEPARTAMENTAL","COLISIÓN ENTRE VEHÍCULOS","MOTO","CONDUCTOR",22,"M",0,"CAMIONETA","Canelones esq. Aquiles Lanza","574206.8864","6136807.8719"
15/12/2016 12:30:00,"COLONIA","ROSARIO","DEPARTAMENTAL","COLISIÓN ENTRE VEHÍCULOS","AUTO","CONDUCTOR",66,"M",0,"CAMIONETA","Camino Morlan esq. Ruta 2","468138.24125971","6213356.5882073"
15/12/2016 19:55:00,"CANELONES","CIUDAD DE LA COSTA","DEPARTAMENTAL","COLISIÓN ENTRE VEHÍCULOS","MOTO","CONDUCTOR",29,"M",0,"AUTO","CAMINO CARASCO esq. GARCIA LAGOS","586361.23180119","6141759.6045455"
16/12/2016 20:50:00,"FLORIDA","FLORIDA","NACIONAL","COLISIÓN ENTRE VEHÍCULOS","MOTO","CONDUCTOR",23,"F",18,"CAMIONETA","RUTA 5 Esq: CURVA DE MATONTE","561579.58234673","6217911.39940025"
17/12/2016 14:25:00,"CERRO LARGO","ARÉVALO","NACIONAL","COLISIÓN ENTRE VEHÍCULOS","AUTO","CONDUCTOR",29,"F",0,"CAMIONETA","RUTA 38 a 15kms de RUTA 7","686420.79599725","6374804.6070855"
18/12/2016 06:23:00,"SORIANO","PALMITAS","NACIONAL","DESPISTE","MOTO","CONDUCTOR",31,"M",0,,"RUTA 2 km 240","430521.23989456","6287425.52243983"
18/12/2016 07:50:00,"CANELONES","N/C","NACIONAL","DESPISTE","AUTO","CONDUCTOR",22,"M",0,,"RUTA 6 km. 49","586766.96","6179551.44"
18/12/2016 11:40:00,"ROCHA","VALIZAS","NACIONAL","DESPISTE","CAMIONETA","CONDUCTOR",39,"M",0,,"RUTA 10 km. 268,500","790608.55","6194890.41"
20/12/2016 06:30:00,"RIO NEGRO","FRAY BENTOS","NACIONAL","COLISIÓN ENTRE VEHÍCULOS","MOTO","CONDUCTOR",63,"M",0,"CAMIONETA","RUTA 2 km. 297","390712.76","6329092.8"
20/12/2016 08:05:00,"PAYSANDU","PAYSANDU","DEPARTAMENTAL","ATROPELLO DE PEATÓN","PEATÓN","PEATÓN",86,"F",1,"MOTO","WASHINGTON esq. INDEPENDENCIA y Pte. Luis Batlle BERRES","397651.5944","6424388.8267"
21/12/2016 01:00:00,"ROCHA","ROCHA","DEPARTAMENTAL","DESPISTE","AUTO","PASAJERO",19,"F",5,,"RUTA 109 a unos 300 mts aprox. puente Paso de la CRUZ (salida norte de Rocha)","743619.56090118","6183760.77136033"
21/12/2016 19:50:00,"CANELONES","N/C","NACIONAL","DESPISTE","MOTO","CONDUCTOR",20,"F",1,,"RUTA 82 km. 56,000","593822.17","6172925.59"
21/12/2016 20:54:00,"CANELONES","RINCON DE PANDO","NACIONAL","COLISIÓN ENTRE VEHÍCULOS","BICICLETA","CONDUCTOR",43,"M",0,"AUTO","RUTA 87 km. 44","603823.74","6155639.04"
21/12/2016 23:06:00,"MONTEVIDEO","MONTEVIDEO","DEPARTAMENTAL","ATROPELLO DE PEATÓN","PEATÓN","PEATÓN",76,"M",4,"MOTO","ISIDRO FYNN Esq. CAMINO MANUEL FORTET","572103.3883","6147194.4792"
22/12/2016 20:00:00,"CANELONES","COSTA DE ORO","DEPARTAMENTAL","COLISIÓN ENTRE VEHÍCULOS","MOTO","CONDUCTOR",62,"M",1,"OMNIBUS","Calle f esq. calle 39","593369.64193515","6145951.21167285"
22/12/2016 20:45:00,"PAYSANDU","PAYSANDU","DEPARTAMENTAL","COLISIÓN CON OBSTÁCULO EN CALZADA","MOTO","CONDUCTOR",68,"M",11,,"BOULEVARD GENERAL JOSE G. ARTIGAS Esq. Andresito","399416.4663","6425422.0904"
23/12/2016 13:50:00,"CANELONES","GUAZUVIRÁ","NACIONAL","COLISIÓN ENTRE VEHÍCULOS","MOTO","CONDUCTOR",23,"M",0,"CAMION","RUTA INTERBALNEARIA km. 58","625253.85","6153552.32"
24/12/2016 04:15:00,"SAN JOSE","SAN JOSE","NACIONAL","DESPISTE","AUTO","PASAJERO",22,"M",7,,"RUTA 45 KM 80","541821.14","6191074.43"
24/12/2016 08:48:00,"CANELONES","CANELONES","NACIONAL","CAÍDA","MOTO","CONDUCTOR",61,"M",3,,"RUTA 46 KM 53","558259.18","6179682.64"
25/12/2016 00:15:00,"MONTEVIDEO","MONTEVIDEO","DEPARTAMENTAL","DESPISTE","AUTO","PASAJERO",41,"F",1,,"CAMINO DURAN esq. SAMBUCETTI","571691.9975","6148296.7912"
25/12/2016 15:30:00,"MONTEVIDEO","MONTEVIDEO","NACIONAL","COLISIÓN ENTRE VEHÍCULOS","MOTO","CONDUCTOR",52,"M",0,"CAMIONETA","RUTA 102 PERIMETRAL esq. CESAR MAYO GUTIERREZ","571003.14420838","6150576.7162939"
25/12/2016 15:58:00,"CANELONES","MONTES","DEPARTAMENTAL","CAÍDA","MOTO","PASAJERO",25,"M",1,,"AVENIDA CENTENARIO esq. EL GOYO","631918.1755","6182011.6439"
26/12/2016 14:04:00,"MONTEVIDEO","MONTEVIDEO","DEPARTAMENTAL","ATROPELLO DE PEATÓN","PEATÓN","PEATÓN",64,"M",1,"OMNIBUS","CAMINO ARIEL esq. IGNACIO RIVAS","571618.5348","6145133.3235"
26/12/2016 19:47:00,"DURAZNO","LA PALOMA","DEPARTAMENTAL","COLISIÓN ENTRE VEHÍCULOS","CAMIONETA","CONDUCTOR",34,"M",2,"CAMIONETA","CNO. A CUCHILLA DE RAMIREZ","634036.86256912","6379528.2233119"
27/12/2016 07:00:00,"MALDONADO","JOSÉ IGNACIO","NACIONAL","DESPISTE","AUTO","CONDUCTOR",62,"F",0,,"RUTA 9 km. 165,500","716601.87","6152876"
27/12/2016 09:44:00,"CANELONES","COLINAS DE SOLYMAR","DEPARTAMENTAL","COLISIÓN ENTRE VEHÍCULOS","BICICLETA","CONDUCTOR",82,"M",2,"MOTO","AV. GIANNATTASIO esq. AV. LAGOS","595271.62253864","6148122.38341689"
29/12/2016 21:40:00,"CANELONES","SANTA ROSA","NACIONAL","COLISIÓN ENTRE VEHÍCULOS","MOTO","CONDUCTOR",53,"M",1,"CAMION","RUTA 11 km. 112,200","578542.4","6180553.14"
31/12/2016 04:15:00,"COLONIA","CARMELO","DEPARTAMENTAL","CAÍDA","MOTO","CONDUCTOR",20,"M",8,,"JOSE ENRIQUE RODO Esq.HERNANDARIAS","380718.98093335","6235979.3070474"
31/12/2016 14:45:00,"COLONIA","ISMAEL CORTINAS","NACIONAL","DESPISTE","AUTO","PASAJERO",18,"M",0,,"RUTA 12 km. 129,000","483898.77","6244810.47"
31/12/2016 21:30:00,"SALTO","SALTO","DEPARTAMENTAL","DESPISTE","MOTO","PASAJERO",79,"M",0,,"AVENIDA MANUEL ORIBE esq. AVENIDA CONCORDIA","413137.5862","6527105.3061"
